country,iso_code,co2,co2_per_capita,coal_co2,oil_co2,gas_co2,cement_co2,cumulative_co2,land_use_change_co2,population,coal_share,oil_share,gas_share,cluster_5,cluster_5_name,cluster_8,cluster_8_name,co2_normalized,co2_per_capita_normalized,coal_co2_normalized,oil_co2_normalized,gas_co2_normalized,cement_co2_normalized,cumulative_co2_normalized,land_use_change_co2_normalized,population_normalized,coal_share_normalized,oil_share_normalized,gas_share_normalized
Afghanistan,AFG,11.082,0.293,3.955,6.843,0.246,0.038,194.437,0.33,37769496.0,0.3581130025353133,0.6196124592538935,0.0222745382107931,0,Moderate Mixed-Source Emitters,0,Moderate Mixed-Source Emitters,0.001031096857095748,0.0073325186090434395,0.0005243162776540379,0.0028980542846774493,0.00014695349280375916,4.5956104663819e-05,0.000471066844466747,0.0338139225495177,0.026562036108985,0.3820833053035941,0.5941512097141849,0.024562791930217997
Aland Islands,ALA,,,,,,,,0.0,,,,,0,Moderate Mixed-Source Emitters,0,Moderate Mixed-Source Emitters,,,,,,,,0.0335941916466301,,,,
Albania,ALB,4.947,1.722,0.322,3.44,0.132,1.048,284.491,0.22,2873883.0,0.0826913199794555,0.8834103749357987,0.0338983050847457,1,Oil-Dependent Low-Impact Economies,6,Low-Emission Oil-Dependent Economies,0.000459920403977697,0.04702255304966115,4.268769694174468e-05,0.001455386243314465,7.885309369957808e-05,0.0012674209917811136,0.0006895471840298446,0.03374067891522183,0.002019844229326649,0.08822626554742849,0.8756064454703957,0.03738066337017062
Algeria,DZA,179.505,4.203,1.096,59.158,91.25,11.028,4513.793,2.162,42705372.0,0.007234132432147,0.3904715387052486,0.6022943288626043,0,Moderate Mixed-Source Emitters,5,Gas-Focused Moderate Emitters,0.01671149649254831,0.11593156315964895,0.00014529725418680798,0.025076478787734904,0.05451018787944318,0.01333694532191042,0.010950272272031356,0.035033761986154294,0.030033452870920102,0.0077183492671593044,0.34967273592600917,0.6641677659307886
Andorra,AND,0.48,6.286,0.0,0.48,0.0,0.0,14.583,0.0,76361.0,0.0,1.0,0.0,1,Oil-Dependent Low-Impact Economies,6,Low-Emission Oil-Dependent Economies,4.4036913174382726e-05,0.1737862459726697,0.0,0.00020052365076834896,0.0,0.0,3.472239567178642e-05,0.0335941916466301,5.2338408134581706e-05,0.0,0.9999999999999999,0.0
Angola,AGO,21.818,0.674,0.0,13.894,2.429,1.124,615.477,71.265,32353592.0,0.0,0.8511915701770508,0.1488084298229492,1,Oil-Dependent Low-Impact Economies,6,Low-Emission Oil-Dependent Economies,0.002030632374728249,0.017914676147094768,0.0,0.005887255683340512,0.00145101639845663,0.0013593332011087517,0.0014925535321168976,0.08104607890203798,0.02275301417921379,0.0,0.8412310742104827,0.1640954557447323
Anguilla,AIA,0.154,9.988,0.0,0.154,0.0,0.0,3.312,0.0,15408.0,0.0,1.0,0.0,1,Oil-Dependent Low-Impact Economies,3,Ultra Oil-Dependent Nations,1.3685890563708798e-05,0.2766081546494834,0.0,6.231918956225645e-05,0.0,0.0,7.37778124915473e-06,0.0335941916466301,9.469975886642245e-06,0.0,0.9999999999999999,0.0
Antarctica,ATA,,,,,,,,,,,,,0,Moderate Mixed-Source Emitters,0,Moderate Mixed-Source Emitters,,,,,,,,,,,,
Antigua and Barbuda,ATG,0.498,5.409,0.0,0.498,0.0,0.0,21.108,0.0,92127.0,0.0,1.0,0.0,1,Oil-Dependent Low-Impact Economies,6,Low-Emission Oil-Dependent Economies,4.571273650871442e-05,0.14942784135096102,0.0,0.0002081545719392375,0.0,0.0,5.055272209425752e-05,0.0335941916466301,6.34266843936832e-05,0.0,0.9999999999999999,0.0
Argentina,ARG,178.512,3.989,2.143,74.848,95.608,4.141,8280.789,44.334,44745516.0,0.0124160626654847,0.4336525704088668,0.5539313669256485,0,Moderate Mixed-Source Emitters,5,Gas-Focused Moderate Emitters,0.016619046905271013,0.10998777913565161,0.0002840985544911765,0.03172809840835942,0.05711353471537319,0.005008006037180907,0.02008939507849005,0.06311403967274745,0.031468292416800374,0.013247132130079936,0.39574409106512,0.6108364977381718
Armenia,ARM,6.284,2.228,0.011,1.044,4.888,0.341,370.055,0.623,2820604.0,0.0018509170452633,0.1756688541140838,0.8224802288406529,0,Moderate Mixed-Source Emitters,5,Gas-Focused Moderate Emitters,0.0005843968372000009,0.06107654705032775,1.4582753613639486e-06,0.00043962584745619,0.002919953954572255,0.00041239557079900737,0.0008971343181313492,0.034009016957233046,0.0019823729448658683,0.0019748082239131395,0.12049222827721326,0.9069732686059452
Aruba,ABW,0.912,8.57,0.0,0.912,0.0,0.0,75.229,,106458.0,0.0,1.0,0.0,1,Oil-Dependent Low-Impact Economies,3,Ultra Oil-Dependent Nations,8.425667319834329e-05,0.23722364181757585,0.0,0.000383665758869674,0.0,0.0,0.00018185587861694848,,7.350572074210281e-05,0.0,0.9999999999999999,0.0
Australia,AUS,416.357,16.42,164.471,143.085,81.694,3.04,18177.723,24.036,25357168.0,0.4225330764290301,0.3675915221579961,0.2098754014129736,2,Coal-Dependent Heavy Emitters,2,Coal-Dependent Industrializing Economies,0.0387627247360555,0.45525497166981455,0.021804000632626365,0.06065649662713284,0.0488017017931313,0.0036764883731055203,0.04410038294081229,0.04959859159149762,0.017832407675483747,0.4508153384522255,0.3252612448997566,0.2314358110319854
Austria,AUT,67.936,7.651,13.005,34.087,17.793,1.771,5445.037,-2.125,8879939.0,0.2004315327117207,0.5253448408723126,0.2742236264159667,0,Moderate Mixed-Source Emitters,0,Moderate Mixed-Source Emitters,0.006324277959878742,0.2116987001444284,0.0017240791885943776,0.014447877416882313,0.010629038607549945,0.0021417963515690383,0.013209566754631768,0.03217925780227815,0.006243921874616139,0.21384742235939344,0.4935737859419761,0.30239450148247954
Azerbaijan,AZE,37.738,3.688,0.004,12.097,24.122,1.096,2454.483,7.475,10232761.0,0.0001104270767192,0.3339590867680755,0.6659304861552052,0,Moderate Mixed-Source Emitters,5,Gas-Focused Moderate Emitters,0.0035128050126482764,0.10162759693367406,5.302819495868905e-07,0.005125435386446805,0.014409805501675928,0.0013254708081985693,0.0059541727310261534,0.038571429522644606,0.007195365745311953,0.00011781851585722563,0.2893776216070691,0.7343412382616041
Bahamas,BHS,2.535,6.267,0.004,2.532,0.0,0.0,167.079,-0.037,404563.0,0.001577287066246,0.998422712933754,0.0,1,Oil-Dependent Low-Impact Economies,6,Low-Emission Oil-Dependent Economies,0.00023536007717725064,0.1732585268303522,5.302819495868905e-07,0.001070448664249643,0.0,0.0,0.00040469350036468347,0.033569555151457854,0.0002831638835113183,0.0016828628154166312,0.9983171371845833,0.0
Bahrain,BHR,37.814,25.307,0.0,3.748,33.13,0.615,895.656,0.0,1494195.0,0.0,0.1016324095666793,0.8983675904333207,4,Gas-Dominant High Per-Capita Emitters,1,Gas-Dominant High Per-Capita Emitters,0.0035198807111710105,0.7020886568159094,0.0,0.0015859597833496693,0.019790931774750168,0.0007437632728486496,0.0021722968312313084,0.0335941916466301,0.001049505418254264,0.0,0.04150015246502854,0.9906565061794502
Bangladesh,BGD,91.657,0.554,15.004,16.781,58.373,1.474,1466.249,20.299,165516224.0,0.1664189533929324,0.1861287961134896,0.647452250493578,0,Moderate Mixed-Source Emitters,5,Gas-Focused Moderate Emitters,0.008532733810638852,0.014581713142984117,0.001989087592900426,0.007111170651138024,0.03487039120095054,0.0017826131124860317,0.003556614600484497,0.0471103055791008,0.11640670255959368,0.17755821019446566,0.13165230675557776,0.7139647414068161
Barbados,BRB,1.177,4.201,0.0,1.041,0.048,0.071,53.963,-0.11,280193.0,0.0,0.955922865013774,0.0440771349862259,1,Oil-Dependent Low-Impact Economies,6,Low-Emission Oil-Dependent Economies,0.00010892851673155983,0.11587601377624708,0.0,0.00043835402726104185,2.867385225439203e-05,8.586535345081971e-05,0.00013026235804985723,0.03352094801233423,0.00019569408024197585,0.0,0.9529725608826803,0.04860516008462965
Belarus,BLR,62.039,6.413,4.1,18.037,36.628,2.276,4889.782,-3.627,9673971.0,0.0697694205734706,0.306934399727729,0.6232961796988004,0,Moderate Mixed-Source Emitters,5,Gas-Focused Moderate Emitters,0.0057752596152924095,0.17731363181868684,0.0005435389983265627,0.007643639372840024,0.021880538757788986,0.0027525287951276852,0.011862460563411968,0.031179149268529147,0.006802367020789352,0.07443943848199011,0.26054403646475754,0.687327127860411
Belgium,BEL,99.433,8.638,13.192,45.243,36.199,2.819,12458.06,2.895,11510569.0,0.1394002155673436,0.4780839867278145,0.3825157977048418,0,Moderate Mixed-Source Emitters,0,Moderate Mixed-Source Emitters,0.009256689491070141,0.23911232085323855,0.0017488698697375646,0.019177352782573008,0.021624266203265356,0.0034092173433501517,0.030223887566631392,0.03552183093105311,0.008094052039241293,0.14873097247775022,0.4431495253450147,0.42181148089942144
Belize,BLZ,0.707,1.817,0.0,0.707,0.0,0.0,18.529,4.14,389103.0,0.0,1.0,0.0,1,Oil-Dependent Low-Impact Economies,6,Low-Emission Oil-Dependent Economies,6.517090744623237e-05,0.049661148761248754,0.0,0.0002967580455345545,0.0,0.0,4.429580073892374e-05,0.03635081570103813,0.0002722908179927525,0.0,0.9999999999999999,0.0
Benin,BEN,7.144,0.581,0.271,6.379,0.106,0.388,104.017,12.274,12290443.0,0.0401124925991711,0.9441977501480168,0.0156897572528123,1,Oil-Dependent Low-Impact Economies,6,Low-Emission Oil-Dependent Economies,0.000664463952062515,0.015331629818909011,3.5926602084511826e-05,0.0027013460944945444,6.332142372844907e-05,0.0004692360160410993,0.00025169855096179107,0.04176684953160696,0.008642539820497827,0.04279742329307334,0.9404626251605587,0.017301559259698583
Bermuda,BMU,0.583,9.127,0.0,0.583,0.0,0.0,28.458,,63833.0,0.0,1.0,0.0,1,Oil-Dependent Low-Impact Economies,3,Ultra Oil-Dependent Nations,5.362634669861406e-05,0.2526941450949895,0.0,0.00024418947746843335,0.0,0.0,6.838458404140886e-05,,4.352742722794569e-05,0.0,0.9999999999999999,0.0
Bhutan,BTN,1.447,1.886,0.421,0.572,0.0,0.454,16.697,6.815,767467.0,0.4239677744209467,0.5760322255790534,0.0,0,Moderate Mixed-Source Emitters,0,Moderate Mixed-Source Emitters,0.00013406586674653516,0.05157760248861238,5.5812175194020214e-05,0.0002395261367528904,0.0,0.0005490545136151007,3.985117882230043e-05,0.038131967716869414,0.0005383953821497155,0.4523460679900614,0.5476539320099386,0.0
Bolivia,BOL,23.239,1.973,0.026,12.754,8.867,1.538,533.172,17.551,11777318.0,0.0012010902203538,0.5891809488612741,0.4096179609183721,0,Moderate Mixed-Source Emitters,0,Moderate Mixed-Source Emitters,0.002162929316844101,0.05399400066659261,3.4468326723147876e-06,0.0054039640091842365,0.005296896832076962,0.001860012867709306,0.0012928730698637968,0.045280546424145904,0.008281657430833268,0.0012814852242494282,0.5616827654134334,0.45169783767022925
Bonaire Sint Eustatius and Saba,BES,0.11,4.294,0.0,0.11,0.0,0.0,8.43,0.0,25597.0,0.0,1.0,0.0,1,Oil-Dependent Low-Impact Economies,6,Low-Emission Oil-Dependent Economies,9.589433524231336e-06,0.11845906010443284,0.0,4.366582670008444e-05,0.0,0.0,1.9794579813171146e-05,0.0335941916466301,1.6635930904020473e-05,0.0,0.9999999999999999,0.0
Bosnia and Herzegovina,BIH,20.81,6.192,15.334,4.683,0.429,0.365,929.863,-0.586,3360718.0,0.7499755453389416,0.2290423554729531,0.0209820991881052,2,Coal-Dependent Heavy Emitters,2,Coal-Dependent Industrializing Economies,0.0019367862680056743,0.17117542495278304,0.0020328358537413443,0.0019823437441708236,0.00025627255452362877,0.00044142047900773515,0.0022552865593437176,0.0332040028311994,0.0023622367811850582,0.80017517719623,0.17743828628249805,0.023137581203227717
Botswana,BWA,6.782,2.713,3.86,2.922,0.0,0.0,143.712,-0.366,2499705.0,0.5691536419935123,0.4308463580064878,0.0,2,Coal-Dependent Heavy Emitters,2,Coal-Dependent Industrializing Economies,0.0006307612827831776,0.07454727252527497,0.0005117220813513492,0.001235785289618895,0.0,0.0,0.00034800273599473974,0.03335049009979113,0.001756683691835968,0.607249955234495,0.3927500447655049,0.0
Brazil,BRA,475.105,2.243,61.888,302.334,67.121,19.865,15741.251,1328.2,211782880.0,0.1434774645699594,0.7009131943719964,0.1556093410580443,0,Moderate Mixed-Source Emitters,0,Moderate Mixed-Source Emitters,0.044232239694128726,0.06149316742584158,0.008204522324008368,0.12816852804617895,0.04009620077431349,0.024024158398599064,0.03818924928882592,0.9179777832081645,0.1489461839317119,0.15308113224418204,0.6808938115678373,0.1715950216626726
British Virgin Islands,VGB,0.169,5.502,0.0,0.169,0.0,0.0,5.371,,30631.0,0.0,1.0,0.0,1,Oil-Dependent Low-Impact Economies,6,Low-Emission Oil-Dependent Economies,1.5082410008985209e-05,0.15201088767914678,0.0,6.86782905379969e-05,0.0,0.0,1.237312869802339e-05,,2.017635857675401e-05,0.0,0.9999999999999999,0.0
Brunei,BRN,10.488,23.941,0.363,3.576,5.972,0.0,350.233,1.136,438058.0,0.0366259711431742,0.3608112198567248,0.6025628090001008,4,Gas-Dominant High Per-Capita Emitters,1,Gas-Dominant High Per-Capita Emitters,0.0009757946870628021,0.6641484279524498,4.81230869250103e-05,0.0015130420921611787,0.003567505117983942,0.0,0.000849044091258365,0.03435059863354013,0.00030672101996308824,0.03907753143634626,0.3180271028946172,0.6644638269172081
Bulgaria,BGR,42.256,5.992,20.767,13.092,5.245,1.127,3793.758,-5.276,7052536.0,0.5310709901800327,0.3347995090016367,0.1341295008183306,2,Coal-Dependent Heavy Emitters,2,Coal-Dependent Industrializing Economies,0.003933436669565531,0.16562048661259862,0.0027530913117677384,0.005547255751170922,0.003133215730714296,0.0013629613146348425,0.009203392718682087,0.030081160605312032,0.004958703727926373,0.5666182401707971,0.29027429752382256,0.14790856668392197
Burkina Faso,BFA,5.296,0.253,0.0,4.444,0.0,0.852,63.482,3.517,20951638.0,0.0,1.0,0.0,1,Oil-Dependent Low-Impact Economies,6,Low-Emission Oil-Dependent Economies,0.0004924127564044615,0.006221530941006555,0.0,0.0018810220686240262,0.0,0.0010303842414098366,0.00015335643884916794,0.035935990390435185,0.01473398488544446,0.0,0.9999999999999999,0.0
Burundi,BDI,0.718,0.06,0.048,0.641,0.0,0.029,12.477,4.36,11874838.0,0.06966618287373,0.93033381712627,0.0,1,Oil-Dependent Low-Impact Economies,6,Low-Emission Oil-Dependent Economies,6.619502170610175e-05,0.0008610154427285857,6.363383395042685e-06,0.00026877800124129646,0.0,3.507176408554608e-05,2.9613021350602648e-05,0.036497302969629865,0.008350243546575218,0.07432929056423909,0.9256707094357607,0.0
Cambodia,KHM,18.025,1.112,4.419,8.281,0.0,5.325,147.548,28.982,16207746.0,0.3479527559055118,0.6520472440944882,0.0,0,Moderate Mixed-Source Emitters,0,Moderate Mixed-Source Emitters,0.0016774991576660211,0.03007999111209866,0.0005858289838061171,0.0035076800982184343,0.0,0.006439901508811479,0.0003573092696585864,0.05289189172992809,0.011397591060800192,0.3712429823118829,0.628757017688117,0.0
Cameroon,CMR,9.505,0.369,0.0,5.053,1.326,1.162,224.283,28.689,25782342.0,0.0,0.792130427966766,0.207869572033234,0,Moderate Mixed-Source Emitters,0,Moderate Mixed-Source Emitters,0.0008842761127490216,0.009443395178313522,0.0,0.0021392015682390885,0.0007921151685275798,0.0014052893057725703,0.0005434763344905127,0.05269679732221273,0.018131433856518074,0.0,0.7782166729713488,0.22922392366373512
Canada,CAN,584.714,15.583,58.326,269.326,231.962,7.125,33034.898,116.955,37522584.0,0.1042254125164845,0.4812710189523493,0.4145035685311661,4,Gas-Dominant High Per-Capita Emitters,1,Gas-Dominant High Per-Capita Emitters,0.05443697968594885,0.4320075547161427,0.0077323062479012425,0.11417511437902955,0.13856758576319342,0.008616769624466062,0.08014542967886241,0.11146882118365709,0.02638838214046494,0.11120174310621989,0.44654988165109233,0.45708534164944087
Cape Verde,CPV,0.612,1.06,0.0,0.612,0.0,0.0,14.007,-0.11,577037.0,0.0,1.0,0.0,1,Oil-Dependent Low-Impact Economies,6,Low-Emission Oil-Dependent Economies,5.632628429281512e-05,0.02863570714365071,0.0,0.00025648373935486493,0.0,0.0,3.3324959960009665e-05,0.03352094801233423,0.0004044653778353239,0.0,0.9999999999999999,0.0
Central African Republic,CAF,0.227,0.044,0.0,0.227,0.0,0.0,10.373,3.004,5209329.0,0.0,1.0,0.0,1,Oil-Dependent Low-Impact Economies,6,Low-Emission Oil-Dependent Economies,2.0482285197387318e-05,0.00041662037551383176,0.0,9.326681431085998e-05,0.0,0.0,2.4508499236751426e-05,0.035594408714128105,0.0036623705794607067,0.0,0.9999999999999999,0.0
Chad,TCD,1.922,0.119,0.0,1.44,0.0,0.163,32.862,19.492,16126868.0,0.0,1.0,0.0,1,Oil-Dependent Low-Impact Economies,6,Low-Emission Oil-Dependent Economies,0.0001782889825136214,0.0024997222530829906,0.0,0.000607506113215738,0.0,0.00019712750158427624,7.906914458770201e-05,0.0465729636438575,0.011340709314809858,0.0,0.9999999999999999,0.0
Chile,CHL,91.962,4.83,31.017,48.022,12.051,0.825,2827.471,35.358,19039484.0,0.3405093863212207,0.5271928861565485,0.1322977275222307,0,Moderate Mixed-Source Emitters,0,Moderate Mixed-Source Emitters,0.00856112970602614,0.13334629485612712,0.004111938807584145,0.02035548222334519,0.007198929031618299,0.0009977312196750177,0.00685908028530426,0.05713735911420481,0.013389161099960127,0.3633013905985752,0.4955455301834657,0.14588861610583861
China,CHN,10740.996,7.554,7543.157,1559.728,630.171,826.876,226924.234,264.321,1421864064.0,0.7750039658664246,0.1602505934415665,0.0647454406920087,2,Coal-Dependent Heavy Emitters,4,Major Historical Emitters,0.9999999999999998,0.209004555049439,0.9999999999999999,0.6612282221988584,0.37644646143755167,1.0,0.5505410586008819,0.20959265219860748,0.9999999999999999,0.8268788756767844,0.10404194594152255,0.07139671193620918
Christmas Island,CXR,,,,,,,,,,,,,0,Moderate Mixed-Source Emitters,0,Moderate Mixed-Source Emitters,,,,,,,,,,,,
Colombia,COL,96.438,1.922,18.426,47.766,23.706,5.537,3326.314,110.836,50187404.0,0.2049656277114062,0.5313355135820597,0.2636988587065341,0,Moderate Mixed-Source Emitters,0,Moderate Mixed-Source Emitters,0.008977851108496618,0.052577491389845576,0.0024427438007720106,0.020246953566692552,0.014161298782137864,0.006696288197988574,0.008069325116501921,0.10739447756314435,0.035295588973637194,0.2186850071211182,0.49996544447916225,0.29078852891801105
Comoros,COM,0.311,0.394,0.0,0.311,0.0,0.0,5.049,-0.037,790993.0,0.0,1.0,0.0,1,Oil-Dependent Low-Impact Economies,6,Low-Emission Oil-Dependent Economies,2.83027940909352e-05,0.010137762470836576,0.0,0.00012887777977500653,0.0,0.0,1.1591923317481521e-05,0.033569555151457854,0.0005549412902603093,0.0,0.9999999999999999,0.0
Congo,COG,7.341,1.318,0.0,2.024,1.885,0.283,95.442,18.393,5570736.0,0.0,0.5177794832437964,0.4822205167562036,0,Moderate Mixed-Source Emitters,5,Gas-Focused Moderate Emitters,0.0006828049074438118,0.035801577602488616,0.0,0.0008550871112045663,0.0011260460729068536,0.00034225204262791517,0.00023089471202344784,0.04584119315211971,0.003916549233397856,0.0,0.4855020409116565,0.5317588228080753
Cook Islands,COK,0.084,4.919,0.0,0.084,0.0,0.0,2.257,,17133.0,0.0,1.0,0.0,1,Oil-Dependent Low-Impact Economies,6,Low-Emission Oil-Dependent Economies,7.168799819085561e-06,0.13581824241750917,0.0,3.2643385008800996e-05,0.0,0.0,4.818241881230284e-06,,1.0683173688681448e-05,0.0,0.9999999999999999,0.0
Costa Rica,CRI,8.054,1.584,0.0,7.317,0.0,0.737,246.364,0.733,5084527.0,0.0,1.0,0.0,1,Oil-Dependent Low-Impact Economies,6,Low-Emission Oil-Dependent Economies,0.000749186131742617,0.0431896455949339,0.0,0.0030990018755108475,0.0,0.0008913065562430159,0.0005970471295456216,0.03408226059152891,0.0035745969492635495,0.0,0.9999999999999999,0.0
Cote d'Ivoire,CIV,10.535,0.403,0.0,6.185,4.258,0.0,325.011,37.043,26147544.0,0.0,0.5922627597433687,0.4077372402566313,0,Moderate Mixed-Source Emitters,0,Moderate Mixed-Source Emitters,0.0009801704479913348,0.010387734696144875,0.0,0.0026191017218749678,0.0025436096437333596,0.0,0.0007878529045874736,0.0582593184213733,0.01838828154561971,0.0,0.5649708573838866,0.4496239113847084
Croatia,HRV,17.857,4.324,1.678,9.321,5.245,1.184,1083.527,-2.895,4129749.0,0.1032996798818025,0.5738118689977838,0.3228884511204137,0,Moderate Mixed-Source Emitters,0,Moderate Mixed-Source Emitters,0.0016618581398789255,0.11929230085546051,0.00022245327785170053,0.003948577765869772,0.003133215730714296,0.0014318954716305708,0.002628091353118829,0.03166655236220709,0.00290309864721405,0.11021404653451602,0.5452849558054501,0.3560586426747159
Cuba,CUB,22.842,2.018,0.004,20.349,1.825,0.633,1595.052,-6.632,11316699.0,0.0001803589142393,0.9175308864640634,0.0822887546216971,1,Oil-Dependent Low-Impact Economies,6,Low-Emission Oil-Dependent Economies,0.0021259681021924518,0.0552438617931341,5.302819495868905e-07,0.008623788803234155,0.0010902037575888637,0.0007655319540051954,0.0038691040310122426,0.029178266349810272,0.00795770267235356,0.00019243124266822402,0.9120108142899367,0.09074224295209497
Curacao,CUW,1.96,10.15,0.0,1.96,0.0,0.0,572.103,0.037,193119.0,0.0,1.0,0.0,1,Oil-Dependent Low-Impact Economies,3,Ultra Oil-Dependent Nations,0.00018182683177498833,0.2811076547050328,0.0,0.000827954947041407,0.0,0.0,0.001387323711695708,0.033618828141802344,0.00013445466840733146,0.0,0.9999999999999999,0.0
Cyprus,CYP,7.343,5.976,0.068,6.461,0.0,0.789,286.601,-0.843,1228840.0,0.0104150712207076,0.9895849287792924,0.0,1,Oil-Dependent Low-Impact Economies,6,Low-Emission Oil-Dependent Economies,0.0006829911100365153,0.16517609154538387,9.014793142977138e-06,0.0027361091798285926,0.0,0.0009541938573619261,0.0006946662627656936,0.03303287906743542,0.0008628804311469522,0.011112204272973554,0.9888877957270262,0.0
Czechia,CZE,101.013,9.587,57.447,22.487,17.362,1.977,11887.998,-18.796,10536876.0,0.590435372471633,0.2311194704818286,0.1784451570465384,2,Coal-Dependent Heavy Emitters,2,Coal-Dependent Industrializing Economies,0.009403789539305924,0.26547050327741367,0.007615776789479524,0.009530172662309693,0.010371571309182382,0.002390926813693952,0.028840858058424998,0.02107885209912927,0.00740925075955378,0.6299561788736626,0.17965443303636688,0.19677675119501986
Democratic Republic of Congo,COD,2.605,0.029,0.0,2.154,0.0,0.451,190.316,376.916,89906896.0,0.0,1.0,0.0,1,Oil-Dependent Low-Impact Economies,6,Low-Emission Oil-Dependent Economies,0.00024187716792187385,0.0,0.0,0.0009101993196609835,0.0,0.0005454264000890098,0.0004610688712580108,0.28456417041263465,0.06323042978089154,0.0,0.9999999999999999,0.0
Denmark,DNK,30.955,5.341,3.588,19.699,6.017,1.129,4057.229,0.806,5795879.0,0.1224406224406224,0.6722290472290472,0.2053303303303303,0,Moderate Mixed-Source Emitters,0,Moderate Mixed-Source Emitters,0.0028812989194942846,0.14753916231529832,0.0004756629087794407,0.008348227760952068,0.0035943868544724344,0.0013653800569855697,0.009842600677740308,0.034130867730652534,0.004074892997307718,0.13063618856153994,0.6502896903195117,0.22642382675403872
Djibouti,DJI,0.393,0.366,0.0,0.315,0.0,0.077,18.498,0.073,1073999.0,0.0,1.0,0.0,1,Oil-Dependent Low-Impact Economies,6,Low-Emission Oil-Dependent Economies,3.5937100391779564e-05,0.009360071103210755,0.0,0.00013057354003520399,0.0,9.312158050300166e-05,4.422059152526909e-05,0.03364279878575372,0.0007539802799205451,0.0,0.9999999999999999,0.0
Dominica,DMA,0.169,2.359,0.0,0.169,0.0,0.0,4.679,-0.073,71446.0,0.0,1.0,0.0,1,Oil-Dependent Low-Impact Economies,6,Low-Emission Oil-Dependent Economies,1.5082410008985209e-05,0.06471503166314854,0.0,6.86782905379969e-05,0.0,0.0,1.0694264960958255e-05,0.03354558450750648,4.8881673527612035e-05,0.0,0.9999999999999999,0.0
Dominican Republic,DOM,28.358,2.606,3.265,20.452,2.47,2.171,720.843,-0.916,10881886.0,0.1246801848245312,0.7809982052163288,0.09432160995914,0,Moderate Mixed-Source Emitters,0,Moderate Mixed-Source Emitters,0.002639514852868763,0.0715753805132763,0.0004328426413502993,0.00866745462993424,0.0014755086472572566,0.002625544821714501,0.0017481823710180607,0.0329842719283118,0.007651897352992358,0.13302565610954692,0.7663393146130928,0.10401122833724696
East Timor,TLS,0.685,0.535,0.0,0.605,0.0,0.0,7.823,3.737,1280442.0,0.0,1.0,0.0,1,Oil-Dependent Low-Impact Economies,6,Low-Emission Oil-Dependent Economies,6.312267892649365e-05,0.014053994000666595,0.0,0.0002535161588995194,0.0,0.0,1.8321934887739736e-05,0.03608247765902692,0.0008991722763532288,0.0,0.9999999999999999,0.0
Ecuador,ECU,40.264,2.322,0.0,34.852,1.213,2.472,1173.869,6.742,17343742.0,0.0,0.9663662830999584,0.0336337169000416,1,Oil-Dependent Low-Impact Economies,6,Low-Emission Oil-Dependent Economies,0.003747978887232824,0.06368736807021443,0.0,0.014772191566645073,0.0007246121413453653,0.0029895655454989624,0.0028472704105378145,0.03808336057774579,0.012196540539249656,0.0,0.9641150094192795,0.03708889415517823
Egypt,EGY,256.14,2.425,10.124,101.463,120.52,19.669,6182.284,0.293,105618672.0,0.0436178141977622,0.4371389057632902,0.5192432800389476,0,Moderate Mixed-Source Emitters,5,Gas-Focused Moderate Emitters,0.02384631433846548,0.0665481613154094,0.0013421436144044198,0.043011263239648226,0.07199526403540266,0.02378712164822779,0.014998204404285032,0.03378928605434545,0.07428057013412764,0.046537373680408674,0.3994637843635601,0.5725849186215954
El Salvador,SLV,7.423,1.182,0.004,6.962,0.0,0.457,226.251,-1.026,6280222.0,0.0005742176284811,0.9994257823715188,0.0,1,Oil-Dependent Low-Impact Economies,6,Low-Emission Oil-Dependent Economies,0.0006904392137446561,0.0320242195311632,5.302819495868905e-07,0.0029485031524183235,0.0,0.0005526826271411917,0.0005482509065057501,0.03291102829401593,0.004415532917906602,0.0006126528997840983,0.9993873471002156,0.0
Equatorial Guinea,GNQ,4.638,2.986,0.0,1.118,2.986,0.0,137.073,0.843,1553037.0,0.0,0.2724171539961014,0.7275828460038987,0,Moderate Mixed-Source Emitters,5,Gas-Focused Moderate Emitters,0.000431152103405003,0.08212976335962673,0.0,0.00047099741226984296,0.001783752558991971,0.0,0.0003318958337543129,0.03415550422582478,0.001090889177713737,0.0,0.2237163780280434,0.8023271184912829
Eritrea,ERI,0.855,0.245,0.0,0.747,0.0,0.108,17.22,6.229,3498819.0,0.0,1.0,0.0,1,Oil-Dependent Low-Impact Economies,6,Low-Emission Oil-Dependent Economies,7.894989930629293e-05,0.0059993334073991786,0.0,0.00031371564813652904,0.0,0.00013061208693927506,4.11200310397644e-05,0.03774177890143871,0.0024593636389586325,0.0,0.9999999999999999,0.0
Estonia,EST,12.38,9.329,7.776,3.315,0.914,0.295,1620.667,-1.026,1327039.0,0.6477301124531446,0.2761349437734277,0.0761349437734277,2,Coal-Dependent Heavy Emitters,2,Coal-Dependent Industrializing Economies,0.0011519423397603331,0.25830463281857574,0.001030868109996915,0.0014023937351832947,0.0005459979366773816,0.0003567644967322791,0.003931248676423982,0.03291102829401593,0.0009319440896759074,0.691085943706726,0.2276830181569638,0.08395625376509051
Eswatini,SWZ,1.121,0.959,0.202,0.92,0.0,0.0,39.842,0.66,1169620.0,0.1800356506238859,0.8199643493761141,0.0,1,Oil-Dependent Low-Impact Economies,6,Low-Emission Oil-Dependent Economies,0.00010371484413586123,0.025830463281857573,2.6779238454137968e-05,0.0003870572793900689,0.0,0.0,9.60033481783301e-05,0.03403365345240529,0.0008212308231256412,0.19208634139463893,0.8079136586053609,0.0
Ethiopia,ETH,18.298,0.16,1.206,13.178,0.0,3.914,245.806,236.291,114120592.0,0.0838431590656284,0.9161568409343716,0.0,1,Oil-Dependent Low-Impact Economies,6,Low-Emission Oil-Dependent Economies,0.0017029158115700518,0.0036384846128207984,0.00015988000780044746,0.005583714596765168,0.0,0.004733478780373357,0.0005956933636998378,0.19092884247757913,0.08025999660201932,0.08945520301160062,0.9105447969883992,0.0
Falkland Islands,FLK,,,,,,,,0.11,3729.0,,,,0,Moderate Mixed-Source Emitters,0,Moderate Mixed-Source Emitters,,,,,,,,0.033667435280925966,1.2560992895316042e-06,,,
Faroe Islands,FRO,0.74,14.314,0.0,0.74,0.0,0.0,29.957,0.073,51708.0,0.0,1.0,0.0,1,Oil-Dependent Low-Impact Economies,3,Ultra Oil-Dependent Nations,6.824325022584047e-05,0.3967614709476725,0.0,0.0003107480676811835,0.0,0.0,7.202131343716124e-05,0.03364279878575372,3.499987745998897e-05,0.0,0.9999999999999999,0.0
Fiji,FJI,1.359,1.48,0.0,1.359,0.0,0.0,46.842,0.147,918472.0,0.0,1.0,0.0,1,Oil-Dependent Low-Impact Economies,6,Low-Emission Oil-Dependent Economies,0.00012587295266758023,0.040301077658038,0.0,0.0005731669679467395,0.0,0.0,0.00011298607384228377,0.03369207177609821,0.0006445976627856169,0.0,0.9999999999999999,0.0
Finland,FIN,42.382,7.676,15.256,21.581,4.31,0.583,3150.831,20.152,5521539.0,0.3707682212554985,0.5244853816803168,0.1047463970641844,0,Moderate Mixed-Source Emitters,0,Moderate Mixed-Source Emitters,0.003945167432905852,0.21239306743695147,0.0020224953557244,0.00914608296337497,0.0025746729836756176,0.0007050633952370125,0.007643585166832269,0.04701242544963269,0.003881948832083698,0.3955856014048686,0.4926567988274997,0.1155069493328881
France,FRA,316.387,4.913,29.294,187.698,86.356,6.588,38519.77,-17.734,64399760.0,0.0965689571053707,0.6187546975750623,0.2846763453195669,0,Moderate Mixed-Source Emitters,0,Moderate Mixed-Source Emitters,0.029455388139769997,0.13565159426730367,0.003883519857799592,0.0795697347491801,0.05158664969333913,0.007967337303295779,0.09345229774713397,0.02178598609569481,0.045291182632187156,0.10303280266094945,0.5932360337359591,0.31392102369831526
Gabon,GAB,5.735,2.557,0.0,1.867,0.919,0.209,262.871,10.259,2242788.0,0.0,0.6701363962670496,0.3298636037329505,0,Moderate Mixed-Source Emitters,0,Moderate Mixed-Source Emitters,0.0005332842255028843,0.07021442061993112,0.0,0.0007885285209918162,0.0005489847962872141,0.0002527585756510045,0.0006370948227648906,0.04042515932155088,0.0015759931760640806,0.0,0.6480569677131105,0.3637503497117776
Gambia,GMB,0.601,0.24,0.0,0.601,0.0,0.0,13.681,0.037,2508882.0,0.0,1.0,0.0,1,Oil-Dependent Low-Impact Economies,6,Low-Emission Oil-Dependent Economies,5.530217003294575e-05,0.005860459948894567,0.0,0.00025182039863932195,0.0,0.0,3.2534050164802675e-05,0.033618828141802344,0.0017631379041428167,0.0,0.9999999999999999,0.0
Georgia,GEO,10.92,2.896,0.975,3.587,5.302,1.057,649.912,-9.563,3770814.0,0.0988442822384428,0.3636455798864558,0.5375101378751013,0,Moderate Mixed-Source Emitters,5,Gas-Focused Moderate Emitters,0.0010160144470867628,0.07963004110654372,0.00012925622521180454,0.0015177054328767217,0.003167265930266386,0.0012783053323593863,0.0015760964118652183,0.027226656421435888,0.002650658558474953,0.10546042673862813,0.3210511808837241,0.5927283228979142
Germany,DEU,707.15,8.505,240.086,270.91,172.479,13.287,91976.367,-8.134,83148144.0,0.351272541058561,0.3963714839606423,0.2523559749807966,2,Coal-Dependent Heavy Emitters,4,Major Historical Emitters,0.065835930006073,0.23541828685701593,0.031828318037129544,0.11484663544206775,0.10303411172886007,0.016068914807056925,0.2231435437156381,0.02817815781606127,0.058476978725281056,0.3747849773670604,0.355967594164419,0.278280395631147
Ghana,GHA,18.706,0.593,0.0,12.02,4.104,2.321,357.106,0.586,31522294.0,0.0,0.7454725874472836,0.2545274125527165,0,Moderate Mixed-Source Emitters,0,Moderate Mixed-Source Emitters,0.0017409011404815702,0.015664926119320077,0.0,0.005092792001438004,0.002451614367750519,0.0028069504980190504,0.0008657187017567012,0.0339843804620608,0.02216835974069809,0.0,0.7284357887314533,0.28067490404985274
Greece,GRC,65.756,6.219,17.874,33.943,9.998,3.36,4020.761,-26.784,10574026.0,0.2891531181752002,0.5491062039957939,0.1617406778290059,0,Moderate Mixed-Source Emitters,0,Moderate Mixed-Source Emitters,0.006121317133831903,0.17192534162870796,0.00236956489172902,0.014386830047515202,0.0059725244758210725,0.00406348714922189,0.009754125529238442,0.015760032546807683,0.007435378468739726,0.30850758936162,0.5189256164995483,0.1783562280200843
Greenland,GRL,0.554,9.894,0.0,0.554,0.0,0.0,32.536,0.0,55955.0,0.0,1.0,0.0,1,Oil-Dependent Low-Impact Economies,3,Ultra Oil-Dependent Nations,5.092640910441301e-05,0.2739973336295968,0.0,0.0002318952155820019,0.0,0.0,7.827823479249503e-05,0.0335941916466301,3.7986805613763164e-05,0.0,0.9999999999999999,0.0
Grenada,GRD,0.33,2.687,0.0,0.33,0.0,0.0,7.966,-0.073,122737.0,0.0,1.0,0.0,1,Oil-Dependent Low-Impact Economies,6,Low-Emission Oil-Dependent Economies,3.007171872161865e-05,0.073825130541051,0.0,0.00013693264101094445,0.0,0.0,1.8668867712017647e-05,0.03354558450750648,8.495479147798466e-05,0.0,0.9999999999999999,0.0
Guatemala,GTM,19.761,1.155,4.51,13.755,0.0,1.38,424.125,17.404,17106338.0,0.2469203394470298,0.7530796605529702,0.0,0,Moderate Mixed-Source Emitters,0,Moderate Mixed-Source Emitters,0.0018391230081326775,0.03127430285523831,0.0005978928981592189,0.005828328014298651,0.0,0.0016689322220018478,0.00102831374336706,0.04518266629467779,0.012029573576353822,0.2634479585345504,0.7365520414654494,0.0
Guernsey,GGY,,,,,,,,0.0,62391.0,,,,0,Moderate Mixed-Source Emitters,0,Moderate Mixed-Source Emitters,,,,,,,,0.0335941916466301,4.251326419574828e-05,,,
Guinea,GIN,4.434,0.344,0.0,4.434,0.0,0.0,83.555,17.038,12877537.0,0.0,1.0,0.0,1,Oil-Dependent Low-Impact Economies,6,Low-Emission Oil-Dependent Economies,0.00041215943894924386,0.008749027885790468,0.0,0.0018767826679735326,0.0,0.0,0.00020205561774238825,0.04493896474783882,0.009055444835216902,0.0,0.9999999999999999,0.0
Guinea-Bissau,GNB,0.322,0.164,0.0,0.322,0.0,0.0,9.816,0.183,1970460.0,0.0,1.0,0.0,1,Oil-Dependent Low-Impact Economies,6,Low-Emission Oil-Dependent Economies,2.9326908350804567e-05,0.0037495833796244863,0.0,0.00013354112049054955,0.0,0.0,2.3157159494633973e-05,0.03371604242004959,0.0013844640566242359,0.0,0.9999999999999999,0.0
Guyana,GUY,2.73,3.418,0.0,2.568,0.0,0.162,98.621,5.203,798761.0,0.0,1.0,0.0,1,Oil-Dependent Low-Impact Economies,6,Low-Emission Oil-Dependent Economies,0.0002535148299658439,0.09412843017442508,0.0,0.0010857105065914202,0.0,0.0001959181304089126,0.00023860729557854908,0.037058615548824544,0.0005604045485363907,0.0,0.9999999999999999,0.0
Haiti,HTI,3.053,0.274,0.0,2.975,0.0,0.078,73.056,4.8,11160441.0,0.0,1.0,0.0,1,Oil-Dependent Low-Impact Economies,6,Low-Emission Oil-Dependent Economies,0.00028358654868746255,0.00680479946672592,0.0,0.0012582541130665111,0.0,9.433095167836532e-05,0.000176583955350124,0.03679027750681333,0.007847805940671797,0.0,0.9999999999999999,0.0
Honduras,HND,11.232,1.128,0.0,10.45,0.0,0.782,251.292,20.482,9958832.0,0.0,1.0,0.0,1,Oil-Dependent Low-Impact Economies,6,Low-Emission Oil-Dependent Economies,0.001045062051548512,0.030524386179313412,0.0,0.004427206099310503,0.0,0.0009457282591343806,0.0006090029684130449,0.04723215635252029,0.0070027106376512015,0.0,0.9999999999999999,0.0
Hong Kong,HKG,41.9,5.59,23.38,11.622,6.287,0.611,1588.885,0.147,7496121.0,0.5662525127757999,0.2814793286347453,0.1522681585894548,2,Coal-Dependent Heavy Emitters,2,Coal-Dependent Industrializing Economies,0.003900292608064304,0.15445506054882793,0.0030994979953353746,0.004924063855548357,0.003755677273403389,0.0007389257881471949,0.0038541422497022997,0.03369207177609821,0.005270678421849596,0.6041546388601418,0.23338512955244534,0.16791060095773114
Hungary,HUN,49.235,5.038,8.186,19.364,19.969,1.023,4962.922,-8.354,9771799.0,0.1722679349312906,0.4075001578316041,0.4202319072371051,0,Moderate Mixed-Source Emitters,0,Moderate Mixed-Source Emitters,0.004583190616804468,0.13912343072991892,0.0010852220098295712,0.008206207839160531,0.011928919909749052,0.001237186712397022,0.01203990578556362,0.028031670547469537,0.006871169753877985,0.18379869345816743,0.3678411660988631,0.46340215012413305
Iceland,ISL,3.546,9.829,0.684,2.692,0.0,0.0,148.615,0.073,360787.0,0.20260663507109,0.7973933649289099,0.0,1,Oil-Dependent Low-Impact Economies,3,Ultra Oil-Dependent Nations,0.0003294854877888805,0.2721919786690368,9.067821337935827e-05,0.0011382790746575413,0.0,0.0,0.0003598979222705062,0.03364279878575372,0.0002523760881593948,0.21616811524950852,0.7838318847504913,0.0
India,IND,2626.459,1.899,1677.654,674.011,128.676,143.664,51950.695,134.286,1383112064.0,0.6763803847938651,0.2717412646083744,0.0518783505977605,2,Coal-Dependent Heavy Emitters,2,Coal-Dependent Industrializing Economies,0.24452608600567413,0.05193867348072437,0.22240740846306126,0.28573729960353117,0.07686742943096142,0.17374310053744454,0.12603711413115354,0.12300868869258116,0.9727455992900735,0.7216539227420897,0.2229952479672691,0.057207791216890055
Indonesia,IDN,659.436,2.446,315.401,222.185,87.91,30.156,13704.8,1451.384,269582880.0,0.5042414339979793,0.3552141020885825,0.1405444639134383,2,Coal-Dependent Heavy Emitters,2,Coal-Dependent Industrializing Economies,0.061393694751945095,0.06713142984112877,0.041812864295413706,0.0941901557725375,0.05251496566007507,0.03646979716426647,0.03324860805152819,1.0,0.1895971015884458,0.5379928469756518,0.31205534190888085,0.1549825361756355
Iran,IRN,702.958,8.121,3.73,229.402,422.97,20.893,18067.725,-23.633,86564208.0,0.0056850916473353,0.349643805383919,0.6446711029687457,0,Moderate Mixed-Source Emitters,5,Gas-Focused Moderate Emitters,0.06544564937176642,0.22475280524386182,0.0004944879179897753,0.09724973122199874,0.2526704018341708,0.025267391966872905,0.04383351638972891,0.017858129743773796,0.060879507036252216,0.006065623398730205,0.3061121972551771,0.7108978877942642
Iraq,IRQ,187.148,4.503,0.0,113.972,34.258,5.239,4417.964,13.813,41563524.0,0.0,0.7688861903798152,0.2311138096201848,0,Moderate Mixed-Source Emitters,0,Moderate Mixed-Source Emitters,0.017423069700564817,0.12426397066992559,0.0,0.04831432951335072,0.02046476730272838,0.006335895587730204,0.010717781183795497,0.04279159456052821,0.02923038766288366,0.0,0.7534165817610096,0.25485603176949034
Ireland,IRL,37.326,7.624,4.543,19.545,10.836,1.893,2190.655,-9.453,4896021.0,0.1300824647806666,0.5596437979612874,0.3102737372580461,0,Moderate Mixed-Source Emitters,0,Moderate Mixed-Source Emitters,0.003474447278551351,0.21094878346850351,0.0006022677242433108,0.008282940990934467,0.006473122146429001,0.0022893396349634044,0.005314098652959072,0.027299900055731754,0.0034420201000628526,0.13878953780946376,0.5301685445802898,0.34214802468891026
Isle of Man,IMN,,,,,,,,0.037,83950.0,,,,0,Moderate Mixed-Source Emitters,0,Moderate Mixed-Source Emitters,,,,,,,,0.033618828141802344,5.7675775160480555e-05,,,
Israel,ISR,58.645,6.813,18.012,21.24,17.968,1.425,2319.073,2.125,8607922.0,0.3147850401957358,0.3711988815099615,0.3140160782943026,0,Moderate Mixed-Source Emitters,0,Moderate Mixed-Source Emitters,0.005459273815474534,0.18842350849905568,0.0023878596189897674,0.009001519401193137,0.010733578693894083,0.0017233539248932125,0.0056256540335753,0.03500912549098205,0.006052611482432198,0.33585518472273646,0.32911006294003664,0.3462748148084444
Italy,ITA,339.233,5.68,30.658,148.116,146.758,7.912,24434.211,-41.843,59727936.0,0.0941781453129031,0.4549967437917009,0.4508251108953958,0,Moderate Mixed-Source Emitters,0,Moderate Mixed-Source Emitters,0.031582380356222316,0.1569547828019109,0.004064346002608721,0.0627893390943962,0.0876691085239597,0.00956854473947726,0.05927927141564345,0.0057329790117036684,0.04200547445345441,0.10048196182144448,0.4185169372263874,0.49713818042141944
Jamaica,JAM,7.823,2.78,0.268,6.749,0.473,0.334,445.256,0.513,2813776.0,0.035781041388518,0.901068090787717,0.063150867823765,1,Oil-Dependent Low-Impact Economies,6,Low-Emission Oil-Dependent Economies,0.0007276797322853603,0.07640817686923676,3.552889062232166e-05,0.002858203918562809,0.0002825569190901548,0.00040392997257146176,0.0010795797399392037,0.03393577332293718,0.001977570791479014,0.03817604628746072,0.8944460809738491,0.06963832928380194
Japan,JPN,1106.016,8.792,432.25,415.86,224.23,25.328,64601.461,0.66,125791680.0,0.4030904377343007,0.3878061062722644,0.2091034559934349,2,Coal-Dependent Heavy Emitters,4,Major Historical Emitters,0.10297087167671433,0.24338962337518055,0.057303593177233346,0.176296747870973,0.13394870606254844,0.030630953129610727,0.1567291839049925,0.03403365345240529,0.08846830866521128,0.43007130625090034,0.3468288927065562,0.23058456399188176
Jersey,JEY,,,,,,,,0.037,107055.0,,,,0,Moderate Mixed-Source Emitters,0,Moderate Mixed-Source Emitters,,,,,,,,0.033618828141802344,7.392559267706942e-05,,,
Jordan,JOR,26.328,2.461,0.784,15.92,7.859,1.764,675.885,-0.073,10698682.0,0.0319179253348532,0.6481293001669176,0.319952774498229,0,Moderate Mixed-Source Emitters,0,Moderate Mixed-Source Emitters,0.002450519221274689,0.0675480502166426,0.00010393526211903053,0.006746158255130522,0.004694745934734728,0.0021333307533414926,0.0016391096023894852,0.03354558450750648,0.0075230494166881315,0.0340543524642657,0.624576826085907,0.3528213852571777
Kazakhstan,KAZ,297.569,15.867,176.146,49.061,50.439,3.8,13664.671,-10.772,18754260.0,0.6390297700674052,0.1779855321680706,0.182984697764524,2,Coal-Dependent Heavy Emitters,2,Coal-Dependent Industrializing Economies,0.027703407945022566,0.4398955671592046,0.023351761072983097,0.020795955950931477,0.030130842372068325,0.0045956104663819,0.033151250937504075,0.026421642295402236,0.013188562184082545,0.6818032436861132,0.12296397323460079,0.20178263697632884
Kenya,KEN,19.177,0.376,1.623,15.241,0.0,2.312,453.013,12.055,50951452.0,0.0962405123339658,0.903759487666034,0.0,1,Oil-Dependent Low-Impact Economies,6,Low-Emission Oil-Dependent Economies,0.0017847518510632494,0.009637818020219978,0.00021516190104488078,0.006458302950962004,0.0,0.002796066157440777,0.0010983990260785305,0.041621028114236104,0.03583294628045021,0.10268237343056794,0.8973176265694317,0.0
Kiribati,KIR,0.066,0.531,0.0,0.066,0.0,0.0,2.026,,124252.0,0.0,1.0,0.0,1,Oil-Dependent Low-Impact Economies,6,Low-Emission Oil-Dependent Economies,5.492976484753872e-06,0.013942895233862907,0.0,2.501246383791245e-05,0.0,0.0,4.257811934319813e-06,,8.602029563455822e-05,0.0,0.9999999999999999,0.0
Kosovo,,8.497,5.037,5.944,2.234,0.0,0.319,97.14,,1686856.0,0.72682807532404,0.2731719246759598,0.0,2,Coal-Dependent Heavy Emitters,2,Coal-Dependent Industrializing Economies,0.0007904300060264469,0.139095656038218,0.0007879989770861192,0.0009441145248649326,0.0,0.0003857894049410069,0.00023501423604878975,,0.0011850044917259598,0.7754783306977918,0.2245216693022079,0.0
Kuwait,KWT,104.361,23.499,0.0,55.499,46.265,1.222,3282.469,0.0,4441105.0,0.0,0.5453696788648245,0.4546303211351755,4,Gas-Dominant High Per-Capita Emitters,1,Gas-Dominant High Per-Capita Emitters,0.009715492679491618,0.6518720142206422,0.0,0.023525282089719282,0.027637411969780153,0.0014778515762943899,0.007962952601253915,0.0335941916466301,0.0031220762790121473,0.0,0.5149389869656207,0.5013342982706844
Kyrgyzstan,KGZ,9.03,1.428,3.169,4.459,0.619,0.783,830.798,0.0,6323643.0,0.3842609433733479,0.5406814599248211,0.0750575967018309,0,Moderate Mixed-Source Emitters,0,Moderate Mixed-Source Emitters,0.0008400529969819353,0.038856793689590045,0.00042011587456021395,0.0018873811695997666,0.0003697732196972639,0.0009469376303097442,0.002014944599643779,0.0335941916466301,0.004446071040667381,0.4099814592146459,0.5099369619737837,0.08276823129271264
Laos,LAO,19.596,2.717,14.205,3.342,0.0,2.049,133.539,47.705,7212058.0,0.8095400923234741,0.1904599076765259,0.0,2,Coal-Dependent Heavy Emitters,2,Coal-Dependent Industrializing Economies,0.001823761294234637,0.07465837129207867,0.0018831637734704446,0.0014138401169396277,0.0,0.002478001538320135,0.0003233219833976825,0.06535862413830529,0.005070896040840517,0.863726678620748,0.13627332137925188,0.0
Latvia,LVA,7.649,3.991,0.166,4.319,2.548,0.561,946.243,1.869,1916552.0,0.0236030143608701,0.6141049338831224,0.3622920517560073,0,Moderate Mixed-Source Emitters,0,Moderate Mixed-Source Emitters,0.000711480106720154,0.11004332851905345,2.2006700907855954e-05,0.0018280295604928558,0.0015221036571706436,0.0006784572293790121,0.002295026137397369,0.034838667578438946,0.0013465503945301318,0.025182882716580934,0.5882750379951752,0.39951015823720304
Lebanon,LBN,26.4,4.566,0.627,23.64,0.0,2.134,706.685,0.0,5781912.0,0.0258375571764124,0.9741624428235875,0.0,1,Oil-Dependent Low-Impact Economies,6,Low-Emission Oil-Dependent Economies,0.0024572225146120156,0.12601377624708365,8.312169559774507e-05,0.01001897555731161,0.0,0.002580798088226046,0.0017138335953108812,0.0335941916466301,0.004065069963278106,0.027566994711287436,0.9724330052887123,0.0
Leeward Islands,,,,,,,,,,,,,,0,Moderate Mixed-Source Emitters,0,Moderate Mixed-Source Emitters,,,,,,,,,,,,
Lesotho,LSO,2.389,1.073,1.671,0.718,0.0,0.0,61.713,5.166,2225710.0,0.69945583926329,0.3005441607367098,0.0,2,Coal-Dependent Heavy Emitters,2,Coal-Dependent Industrializing Economies,0.00022176728790989356,0.028996778135762694,0.00022152528443992347,0.00030142138625009746,0.0,0.0,0.00014906466146352024,0.0370339790536523,0.0015639821661723556,0.7462739333327163,0.2537260666672835,0.0
Liberia,LBR,1.106,0.222,0.0,0.975,0.0,0.132,51.462,16.561,4985290.0,0.0,1.0,0.0,1,Oil-Dependent Low-Impact Economies,6,Low-Emission Oil-Dependent Economies,0.00010231832469058484,0.00536051549827797,0.0,0.0004103739829677839,0.0,0.00015963699514800285,0.0001241946727804932,0.04462135371548311,0.0035048032621441496,0.0,0.9999999999999999,0.0
Libya,LBY,69.244,10.541,0.0,42.114,15.869,1.627,2088.916,-0.403,6569085.0,0.0,0.7263163340979253,0.2736836659020747,4,Gas-Dominant High Per-Capita Emitters,1,Gas-Dominant High Per-Capita Emitters,0.006446054455506844,0.29196755916009337,0.0,0.01785084431903355,0.009479695029686399,0.0019676469023166714,0.005067269292055503,0.033325853604618885,0.004618691153669182,0.0,0.7079973110857439,0.3017990710574916
Liechtenstein,LIE,0.149,3.871,0.0,0.099,0.05,0.0,5.973,,38500.0,0.0,0.6644295302013422,0.3355704697986577,0,Moderate Mixed-Source Emitters,0,Moderate Mixed-Source Emitters,1.3220384081949995e-05,0.1067103655149428,0.0,3.9002485984541445e-05,2.986859609832503e-05,0.0,1.3833643105123404e-05,,2.5710650463273714e-05,0.0,0.6419681124247707,0.3700434796711527
Lithuania,LTU,13.923,4.887,0.801,8.193,4.081,0.578,1548.306,-1.539,2849083.0,0.0612619502868068,0.6266156787762907,0.3121223709369025,0,Moderate Mixed-Source Emitters,0,Moderate Mixed-Source Emitters,0.0012955976400310996,0.13492945228307965,0.00010618896040477481,0.00347037337249409,0.0024378748135452893,0.0006990165393601942,0.0037556933890283604,0.03256944661770885,0.0020024023131002306,0.06536252045922135,0.6016231899102134,0.344186567709611
Luxembourg,LUX,9.752,15.729,0.274,7.396,1.608,0.395,745.503,0.037,619981.0,0.0295322267730114,0.7971545591722353,0.1733132140547531,4,Gas-Dominant High Per-Capita Emitters,1,Gas-Dominant High Per-Capita Emitters,0.0009072721329479065,0.43606265970447733,3.6324313546701996e-05,0.003132493140649747,0.0009605740505221331,0.00047770161426864493,0.0018080100874285035,0.033618828141802344,0.00043466802502997406,0.03150896710960614,0.7835770945245297,0.1911176059094003
Macao,MAC,1.213,1.827,0.0,0.956,0.256,,55.302,,663660.0,0.0,0.7887788778877888,0.2112211221122112,0,Moderate Mixed-Source Emitters,0,Moderate Mixed-Source Emitters,0.00011228016340022322,0.049938895678257975,0.0,0.000402319121731846,0.00015292721202342415,,0.00013351091085900493,,0.00046538759998375397,0.0,0.774640786804133,0.23291977703921532
Madagascar,MDG,4.299,0.156,1.401,2.809,0.0,0.089,92.981,31.804,27533134.0,0.3327790973871734,0.6672209026128266,0.0,0,Moderate Mixed-Source Emitters,0,Moderate Mixed-Source Emitters,0.0003995907639417562,0.0035273858460171097,0.00018573125284280836,0.001187880062268317,0.0,0.00010763403460736555,0.00022492407090073498,0.05477092387522747,0.019362771251432754,0.3550536745816698,0.6449463254183301,0.0
Malawi,MWI,1.593,0.084,0.216,1.283,0.0,0.094,49.084,4.727,18867340.0,0.1440960640426951,0.8559039359573049,0.0,1,Oil-Dependent Low-Impact Economies,6,Low-Emission Oil-Dependent Economies,0.0001476586560138922,0.0015276080435507168,2.8635225277692083e-05,0.0005409475230029879,0.0,0.00011368089048418385,0.00011842539826208151,0.03674167036768971,0.013268091695650425,0.15374113768807432,0.8462588623119255,0.0
Malaysia,MYS,269.156,8.205,85.063,79.128,90.285,10.798,5785.959,147.879,32804024.0,0.3342672786431726,0.3109448435215894,0.3547878778352379,0,Moderate Mixed-Source Emitters,0,Moderate Mixed-Source Emitters,0.025058120811779994,0.22708587934673927,0.011276843369427416,0.0335425618867707,0.05393372397474551,0.013058789951576779,0.014036678868746969,0.13205960433788755,0.02306980438928227,0.35664146728720547,0.2648229194141175,0.39123508376069993
Maldives,MDV,1.953,3.871,0.0,1.953,0.0,0.0,23.274,,504518.0,0.0,1.0,0.0,1,Oil-Dependent Low-Impact Economies,6,Low-Emission Oil-Dependent Economies,0.000181175122700526,0.1067103655149428,0.0,0.0008249873665860615,0.0,0.0,5.580766263541805e-05,,0.0003534625422375958,0.0,0.9999999999999999,0.0
Mali,MLI,3.854,0.187,0.0,3.466,0.0,0.387,60.133,-3.481,20567430.0,0.0,1.0,0.0,1,Oil-Dependent Low-Impact Economies,6,Low-Emission Oil-Dependent Economies,0.00035816068706522275,0.004388401288745695,0.0,0.0014664086850057487,0.0,0.00046802664486573565,0.00014523141767079927,0.03127636354677639,0.014463770218125109,0.0,0.9999999999999999,0.0
Malta,MLT,1.649,3.275,0.0,0.941,0.708,0.0,102.262,-0.037,503646.0,0.0,0.5706488781079442,0.4293511218920557,0,Moderate Mixed-Source Emitters,0,Moderate Mixed-Source Emitters,0.0001528723286095908,0.09015664926119321,0.0,0.00039596002075610554,0.0004229393207522824,0.0,0.00024744073902747125,0.033569555151457854,0.00035284926195737655,0.0,0.5419102500414059,0.47345817777403565
Marshall Islands,MHL,0.147,3.275,0.0,0.147,0.0,0.0,3.261,,44750.0,0.0,1.0,0.0,1,Oil-Dependent Low-Impact Economies,6,Low-Emission Oil-Dependent Economies,1.3034181489246474e-05,0.09015664926119321,0.0,5.9351609106910887e-05,0.0,0.0,7.254049962174497e-06,,3.010629467356068e-05,0.0,0.9999999999999999,0.0
Mauritania,MRT,3.774,0.861,0.0,3.774,0.0,0.0,72.786,0.037,4383853.0,0.0,1.0,0.0,1,Oil-Dependent Low-Impact Economies,6,Low-Emission Oil-Dependent Economies,0.0003507125833570819,0.023108543495167205,0.0,0.0015969822250409527,0.0,0.0,0.00017592890736022865,0.033618828141802344,0.0030818107714397714,0.0,0.9999999999999999,0.0
Mauritius,MUS,4.521,3.488,1.561,2.961,0.0,0.0,111.921,0.11,1296284.0,0.3452012383900928,0.654798761609907,0.0,0,Moderate Mixed-Source Emitters,0,Moderate Mixed-Source Emitters,0.000420259251731847,0.09607265859348962,0.00020694253082628397,0.00125231895215582,0.0,0.0,0.00027087447434006104,0.033667435280925966,0.0009103140036459274,0.36830729190285244,0.6316927080971473,0.0
Mayotte,MYT,0.302,1.026,0.0,0.302,0.0,0.0,6.233,0.0,294502.0,0.0,1.0,0.0,1,Oil-Dependent Low-Impact Economies,6,Low-Emission Oil-Dependent Economies,2.7464882423769353e-05,0.027691367625819356,0.0,0.00012506231918956226,0.0,0.0,1.446443005835597e-05,0.0335941916466301,0.00020575764392277525,0.0,0.9999999999999999,0.0
Mexico,MEX,472.191,3.775,45.268,241.897,157.099,19.498,19788.596,244.535,125085312.0,0.1018943691138602,0.5444893126609404,0.3536163182251994,0,Moderate Mixed-Source Emitters,0,Moderate Mixed-Source Emitters,0.043960942516559694,0.10404399511165427,0.006001200823474839,0.10254686233479055,0.09384653156901528,0.023580319177240603,0.048008527832022294,0.19641811994244385,0.08797151787968617,0.10871467125522502,0.5139996934278932,0.38994317033637227
Micronesia (country),FSM,0.147,1.316,0.0,0.147,0.0,0.0,4.133,,111392.0,0.0,1.0,0.0,1,Oil-Dependent Low-Impact Economies,6,Low-Emission Oil-Dependent Economies,1.3034181489246474e-05,0.035746028219086776,0.0,5.9351609106910887e-05,0.0,0.0,9.369612359169868e-06,,7.697581810747176e-05,0.0,0.9999999999999999,0.0
Moldova,MDA,5.491,1.766,0.367,2.754,1.734,0.636,1330.882,-3.517,3109496.0,0.0755921730175077,0.5672502574665294,0.3571575695159629,0,Moderate Mixed-Source Emitters,0,Moderate Mixed-Source Emitters,0.0005105675091930548,0.04824463948450173,4.865336887459719e-05,0.0011645633586906017,0.001035842912689912,0.0007691600675312865,0.0032282002254912946,0.03125239290282501,0.0021855515764175842,0.08065193700628732,0.5382841426424803,0.39384821284744403
Mongolia,MNG,47.255,14.619,41.762,5.005,0.0,0.487,653.806,-7.072,3232435.0,0.892980092800479,0.107019907199521,0.0,2,Coal-Dependent Heavy Emitters,2,Coal-Dependent Industrializing Economies,0.004398850050027982,0.40523275191645375,0.005536408694661929,0.0021188524451167187,0.0,0.0005889637624021014,0.0015855436595417092,0.028885291812626807,0.0022720149529885394,0.952751737613527,0.04724826238647285,0.0
Montenegro,MNE,2.477,3.929,1.455,1.022,0.0,0.0,101.143,-0.476,630403.0,0.5874041178845377,0.4125958821154622,0.0,2,Coal-Dependent Heavy Emitters,2,Coal-Dependent Industrializing Economies,0.0002299602019888485,0.10832129763359627,0.0001928900591622314,0.000430299166025104,0.0,0.0,0.00024472592902490496,0.033277246465495264,0.00044199784966351177,0.626722027185077,0.3732779728149228,0.0
Montserrat,MSR,0.022,4.855,0.0,0.022,0.0,0.0,1.568,0.0,4528.0,0.0,1.0,0.0,1,Oil-Dependent Low-Impact Economies,6,Low-Emission Oil-Dependent Economies,1.3965194452764078e-06,0.13404066214865018,0.0,6.359100975740454e-06,0.0,0.0,3.1466564551639877e-06,0.0335941916466301,1.8180384453746903e-06,0.0,0.9999999999999999,0.0
Morocco,MAR,68.608,1.89,25.26,36.343,2.004,5.001,1673.956,-1.466,36304408.0,0.3971261024729982,0.5713679312025406,0.0315059663244611,0,Moderate Mixed-Source Emitters,0,Moderate Mixed-Source Emitters,0.006386842031027125,0.05168870125541607,0.003348730511641213,0.015404286203633676,0.0011971333316208672,0.006048065247993653,0.004060533314696329,0.03261805375683247,0.025531635215423253,0.42370774805992817,0.542677432972847,0.034742560679135115
Mozambique,MOZ,7.147,0.236,0.048,4.356,1.729,1.011,169.31,30.448,30285602.0,0.0078265123104516,0.7102559921734877,0.2819174955160606,0,Moderate Mixed-Source Emitters,0,Moderate Mixed-Source Emitters,0.0006647432559515702,0.0057493611820908785,6.363383395042685e-06,0.001843715342899682,0.0010328560530800796,0.001222674258292658,0.0004101061376441521,0.05386802961972571,0.021298590455944778,0.008350380107412425,0.6908619697735002,0.3108787584424002
Myanmar,MMR,34.609,0.653,3.931,19.716,7.98,2.938,570.271,103.215,53040212.0,0.1242925348594555,0.623391406077086,0.2523160590634584,0,Moderate Mixed-Source Emitters,0,Moderate Mixed-Source Emitters,0.003221491056363618,0.017331407621375406,0.0005211345859565165,0.008355434742057908,0.004767027937292675,0.003553132513218427,0.0013828790897790846,0.1023200254088826,0.03730197760855885,0.13261205878437762,0.5981831004373638,0.2782363791688076
Namibia,NAM,4.107,1.679,0.051,3.536,0.0,0.52,71.001,3.591,2446648.0,0.0142180094786729,0.985781990521327,0.0,1,Oil-Dependent Low-Impact Economies,6,Low-Emission Oil-Dependent Economies,0.00038171531504221814,0.0458282413065215,6.7610948572328526e-06,0.0014960844895592041,0.0,0.0006288730111891021,0.0001715983123159205,0.035985263380779675,0.0017193685406575367,0.015169692298211038,0.9848303077017887,0.0
Nauru,NRU,0.055,4.521,0.0,0.055,0.0,0.0,4.8,,12156.0,0.0,1.0,0.0,1,Oil-Dependent Low-Impact Economies,6,Low-Emission Oil-Dependent Economies,4.4688622248845056e-06,0.12476391512054216,0.0,2.0349123122369448e-05,0.0,0.0,1.0987823504578024e-05,,7.1828342911457295e-06,0.0,0.9999999999999999,0.0
Nepal,NPL,13.428,0.466,3.426,6.24,0.0,3.763,146.62,15.279,28832500.0,0.3544382371198014,0.6455617628801986,0.0,0,Moderate Mixed-Source Emitters,0,Moderate Mixed-Source Emitters,0.0012495124983369782,0.01213754027330297,0.00045418648982117167,0.002642418425452683,0.0,0.004550863732893444,0.0003550578454562794,0.043767732450325836,0.020276619353023752,0.37816256937322057,0.6218374306267793,0.0
Netherlands,NLD,153.033,8.814,25.308,53.0,72.474,0.006,11600.562,2.052,17363260.0,0.1678449682322824,0.3515008422756032,0.4806541894921145,0,Moderate Mixed-Source Emitters,0,Moderate Mixed-Source Emitters,0.014246918975524504,0.24400066659260086,0.0033550938950362556,0.022465855867160923,0.04329393267260017,7.256227052181948e-06,0.028143508525004402,0.03496051835185843,0.012210267608641077,0.1790796753727011,0.3080935349575841,0.5300315874185755
Netherlands Antilles,ANT,,,,,,,,0.037,,,,,0,Moderate Mixed-Source Emitters,0,Moderate Mixed-Source Emitters,,,,,,,,0.033618828141802344,,,,
New Caledonia,NCL,5.119,17.937,2.484,2.605,0.0,0.029,144.287,-0.256,285374.0,0.4881116132835527,0.5118883867164472,0.0,2,Coal-Dependent Heavy Emitters,2,Coal-Dependent Industrializing Economies,0.0004759338269501998,0.4973891789801134,0.00032930509069345893,0.0011013962889982467,0.0,3.507176408554608e-05,0.0003493977456028503,0.033423733734087,0.00019933789346653535,0.5207833763088758,0.47921662369112383,0.0
New Zealand,NZL,37.121,7.486,5.986,20.912,8.24,0.411,1848.661,2.455,4959033.0,0.1703568785929762,0.59513916557573,0.2345039558312937,0,Moderate Mixed-Source Emitters,0,Moderate Mixed-Source Emitters,0.0034553615127992407,0.20711587601377626,0.0007935669375567814,0.008862467059856945,0.004922344637003966,0.0004970515530744634,0.004484385755713619,0.03522885639386965,0.0034863366333394287,0.18175972051612088,0.568039795512473,0.2585944462411374
Nicaragua,NIC,5.219,0.783,0.0,4.987,0.0,0.233,171.751,6.998,6663919.0,0.0,1.0,0.0,1,Oil-Dependent Low-Impact Economies,6,Low-Emission Oil-Dependent Economies,0.0004852439565853759,0.02094211754249528,0.0,0.0021112215239458302,0.0,0.0002817834838597323,0.0004160282566935394,0.0382538184902889,0.004685388197355318,0.0,0.9999999999999999,0.0
Niger,NER,2.469,0.105,0.327,1.985,0.0,0.101,46.328,36.31,23443400.0,0.1414359861591695,0.8585640138408304,0.0,1,Oil-Dependent Low-Impact Economies,6,Low-Emission Oil-Dependent Economies,0.00022921539161803442,0.002110876569270081,4.335054937872829e-05,0.0008385534486676411,0.0,0.00012214648871172946,0.00011173905655781633,0.05777124947647448,0.01648644875883855,0.15090300742498167,0.849096992575018,0.0
Nigeria,NGA,127.304,0.626,0.147,68.707,35.105,8.757,3741.825,-4.58,203304496.0,0.0014140189882549,0.6609047797689472,0.3376812012427976,0,Moderate Mixed-Source Emitters,0,Moderate Mixed-Source Emitters,0.01185151572169006,0.016581490945450507,1.948786164731822e-05,0.029124682468891272,0.020970741320634003,0.010590463382659553,0.009077397876981216,0.0305445930550386,0.14298331040496157,0.0015086663845477102,0.6382074327341556,0.37237104564771045
Niue,NIU,0.011,5.657,0.0,0.011,0.0,0.0,0.278,,1943.0,0.0,1.0,0.0,1,Oil-Dependent Low-Impact Economies,6,Low-Emission Oil-Dependent Economies,3.724051854070421e-07,0.1563159648927897,0.0,1.6957602601974542e-06,0.0,0.0,1.698272566395368e-08,,0.0,0.0,0.9999999999999999,0.0
North Korea,PRK,52.764,2.049,47.449,3.176,0.0,2.139,5060.456,9.233,25755442.0,0.9372641975308642,0.0627358024691358,0.0,2,Coal-Dependent Heavy Emitters,2,Coal-Dependent Industrializing Economies,0.004911745091629831,0.05610487723586269,0.00629033705648709,0.0013434660661414332,0.0,0.002586844944102864,0.012276533380550486,0.03974199596893672,0.018112515003837,0.9999999999999999,0.0,0.0
North Macedonia,MKD,7.995,3.782,4.049,3.092,0.502,0.352,628.973,-1.136,2114175.0,0.5297657987701165,0.4045531859217585,0.065681015308125,2,Coal-Dependent Heavy Emitters,2,Coal-Dependent Industrializing Economies,0.0007436931552578631,0.10423841795356073,0.0005367779034693298,0.0013078551006772867,0.0002998807048271833,0.00042569865372800756,0.0015252962271970001,0.032837784659720065,0.0014855392578532584,0.5652256857412621,0.3646969385506338,0.0724283977297994
Norway,NOR,42.784,8.0,3.547,21.949,15.047,0.722,2590.107,5.899,5348285.0,0.0874873591002145,0.5413758232000592,0.3711368176997262,0,Moderate Mixed-Source Emitters,0,Moderate Mixed-Source Emitters,0.00398259415403926,0.22139206754805024,0.0004702275187961751,0.009302092907313136,0.008988655309829936,0.000873165988612561,0.006283210614661589,0.03752204799855111,0.0037600987613622483,0.09334332766651265,0.5106778024721911,0.4092635431779411
Oman,OMN,72.177,15.681,0.0,12.942,52.767,1.816,1250.671,0.366,4602769.0,0.0,0.196959320641008,0.8030406793589919,4,Gas-Dominant High Per-Capita Emitters,1,Gas-Dominant High Per-Capita Emitters,0.006719120557706558,0.43472947450283306,0.0,0.0054836647414135175,0.03152152420640634,0.002196218054460403,0.0030336000243153818,0.03383789319346907,0.0032357750671100404,0.0,0.1432077727128291,0.8855367025763137
Pakistan,PAK,206.061,0.923,50.307,64.878,74.976,15.437,4834.042,25.282,223293280.0,0.264549513307145,0.3411740577720983,0.3942764289207566,0,Moderate Mixed-Source Emitters,0,Moderate Mixed-Source Emitters,0.019183894518465663,0.024830574380624377,0.0066692235094669245,0.02750141595981726,0.044788557221360346,0.018669062834088788,0.011727229545053572,0.05042824221270352,0.15704148363060585,0.2822571415872666,0.29707552687543415,0.434780276696255
Palau,PLW,0.22,12.255,0.0,0.22,0.0,0.0,10.343,,17939.0,0.0,1.0,0.0,1,Oil-Dependent Low-Impact Economies,3,Ultra Oil-Dependent Nations,1.9830576122924993e-05,0.3395733807354739,0.0,9.029923385551443e-05,0.0,0.0,2.4435716126763055e-05,,1.1250035966040058e-05,0.0,0.9999999999999999,0.0
Palestine,PSE,3.265,0.665,0.0,3.265,0.0,0.0,56.829,0.0,4909775.0,0.0,1.0,0.0,1,Oil-Dependent Low-Impact Economies,6,Low-Emission Oil-Dependent Economies,0.0003033240235140358,0.01766470392178647,0.0,0.0013811967319308266,0.0,0.0,0.00013721557115741313,0.0335941916466301,0.003451693330537778,0.0,0.9999999999999999,0.0
Panama,PAN,13.42,3.171,2.382,8.911,1.557,0.57,299.44,5.276,4232538.0,0.1853696498054474,0.6934630350194553,0.1211673151750972,0,Moderate Mixed-Source Emitters,0,Moderate Mixed-Source Emitters,0.001248767687966164,0.08726808132429731,0.00031578290097899326,0.0037747623391995327,0.0009301080825018414,0.0006893415699572849,0.0007258150077370509,0.037107222687948166,0.0029753904668510397,0.19777737194463052,0.6729449756129723,0.13361478129081664
Papua New Guinea,PNG,7.879,0.826,0.0,7.002,0.813,0.0,166.372,29.898,9542492.0,0.0,0.8959692898272553,0.1040307101727447,1,Oil-Dependent Low-Impact Economies,6,Low-Emission Oil-Dependent Economies,0.0007328934048810589,0.02213642928563493,0.0,0.002965460755020298,0.000485663372558765,0.0,0.00040297824507262416,0.05350181144824639,0.006709897435969461,0.0,0.8890059916437606,0.11471774023525125
Paraguay,PRY,8.244,1.263,0.004,7.837,0.0,0.404,170.026,37.922,6530029.0,0.000510139012881,0.999489860987119,0.0,1,Oil-Dependent Low-Impact Economies,6,Low-Emission Oil-Dependent Economies,0.0007668753780494515,0.0342739695589379,5.302819495868905e-07,0.0033194507093365164,0.0,0.0004885859548469178,0.00041184322786920794,0.05884460164451935,0.004591222948824867,0.0005442851804484947,0.9994557148195514,0.0
Peru,PER,57.68,1.757,2.572,34.771,15.678,4.546,1892.008,-4.214,32824864.0,0.0485090813074065,0.655796759774429,0.2956941589181645,0,Moderate Mixed-Source Emitters,0,Moderate Mixed-Source Emitters,0.005369431064495085,0.04799466725919342,0.00034097129358437054,0.014737852421376076,0.009365596992590796,0.005497801363203189,0.004589550071335819,0.030788294601877573,0.02308446122533705,0.05175603787619241,0.6327575072937357,0.32607069254384696
Philippines,PHL,145.232,1.316,69.53,55.406,8.464,11.675,3255.676,27.37,110380800.0,0.5212143928035982,0.4153373313343328,0.0634482758620689,2,Coal-Dependent Heavy Emitters,2,Coal-Dependent Industrializing Economies,0.013520635762684422,0.035746028219086776,0.009217625988694123,0.02348585566366969,0.005056155947524461,0.014119408472370707,0.0078979500057233,0.05181853956188322,0.07762978939362293,0.5561018912028105,0.376202921005724,0.06996628992182286
Poland,POL,318.488,8.274,177.935,88.158,35.491,7.692,27563.99,-50.453,38493600.0,0.5900014589633402,0.2923165685182238,0.1176819725184359,2,Coal-Dependent Heavy Emitters,2,Coal-Dependent Industrializing Economies,0.029650993963405044,0.2290023330741029,0.023588929674935838,0.03737074067416645,0.021201326882513073,0.009302483080897258,0.06687243972218679,0.0,0.0270713006778243,0.6294932213538557,0.24494776035817567,0.12977139088375522
Portugal,PRT,47.619,4.628,5.04,26.153,12.158,2.225,2573.471,-4.397,10289921.0,0.1162602938801873,0.6032848146524878,0.2804548914673248,0,Moderate Mixed-Source Emitters,0,Moderate Mixed-Source Emitters,0.004432738921900023,0.12773580713254085,0.0006681552564794819,0.01108433694078066,0.007262847827268714,0.002690850865184139,0.0062428499540693695,0.03066644382845809,0.007235566549001554,0.12404217955456345,0.5767306738136145,0.30926590170950574
Qatar,QAT,101.152,36.033,0.0,10.417,87.43,1.572,1966.531,0.0,2807242.0,0.0,0.1064621296513945,0.8935378703486054,4,Gas-Dominant High Per-Capita Emitters,1,Gas-Dominant High Per-Capita Emitters,0.009416730619498818,1.0000000000000002,0.0,0.0044132160771638744,0.052228227137531155,0.0019011314876716703,0.004770350594857935,0.0335941916466301,0.0019729754091958114,0.0,0.046653149984232464,0.985330631030013
Romania,ROU,77.031,3.945,18.309,29.698,23.158,3.828,8493.646,-17.66,19524212.0,0.257275346026839,0.4173118808403007,0.3254127731328602,0,Moderate Mixed-Source Emitters,0,Moderate Mixed-Source Emitters,0.0071710342501980035,0.10876569270081103,0.0024272330537465944,0.012587204471380654,0.013833938968900223,0.004629472859292083,0.02060580822658322,0.021835259086039303,0.013730071792242365,0.27449607773838697,0.37830963703218656,0.35884228720057854
Russia,RUS,1692.363,11.612,390.365,398.417,803.863,20.306,114167.867,402.967,145742288.0,0.245104841317431,0.2501605819250366,0.5047345767575323,2,Coal-Dependent Heavy Emitters,4,Major Historical Emitters,0.15756053748868004,0.32171425397178094,0.05175087831262162,0.16890196131631693,0.48020518530775713,0.02455749108693444,0.27698242322587063,0.30191026056755826,0.10249963259271606,0.2615109399923063,0.19997006174956222,0.5565857424992373
Rwanda,RWA,1.812,0.141,0.018,1.538,0.092,0.164,28.616,2.052,12835029.0,0.0109223300970873,0.933252427184466,0.0558252427184466,1,Oil-Dependent Low-Impact Economies,6,Low-Emission Oil-Dependent Economies,0.00016804783991492775,0.0031107654705032775,2.386268773141007e-06,0.0006490522395905756,5.4958216820918056e-05,0.00019833687275963991,6.876790842068096e-05,0.03496051835185843,0.009025548828162361,0.011653416534912104,0.928784676731092,0.06156014586568157
Ryukyu Islands,,,,,,,,,,,,,,0,Moderate Mixed-Source Emitters,0,Moderate Mixed-Source Emitters,,,,,,,,,,,,
Saint Helena,SHN,0.015,2.679,0.0,0.015,0.0,0.0,0.374,,5470.0,0.0,1.0,0.0,1,Oil-Dependent Low-Impact Economies,6,Low-Emission Oil-Dependent Economies,7.448103708140841e-07,0.07360293300744362,0.0,3.391520520394908e-06,0.0,0.0,2.498886776267468e-07,,2.480549940749142e-06,0.0,0.9999999999999999,0.0
Saint Kitts and Nevis,KNA,0.253,5.296,0.0,0.253,0.0,0.0,6.141,-0.073,47739.0,0.0,1.0,0.0,1,Oil-Dependent Low-Impact Economies,6,Low-Emission Oil-Dependent Economies,2.290291890253309e-05,0.14628930118875683,0.0,0.00010428925600214344,0.0,0.0,1.4241228521058293e-05,0.03354558450750648,3.220846756068833e-05,0.0,0.9999999999999999,0.0
Saint Lucia,LCA,0.517,2.893,0.0,0.517,0.0,0.0,13.945,-0.073,178594.0,0.0,1.0,0.0,1,Oil-Dependent Low-Impact Economies,6,Low-Emission Oil-Dependent Economies,4.748166113939787e-05,0.07954671703144095,0.0,0.00021620943317517542,0.0,0.0,3.317454153270036e-05,0.03354558450750648,0.00012423919126262453,0.0,0.9999999999999999,0.0
Saint Martin (French part),MAF,,,,,,,,0.0,33150.0,,,,0,Moderate Mixed-Source Emitters,0,Moderate Mixed-Source Emitters,,,,,,,,0.0335941916466301,2.194797901926807e-05,,,
Saint Pierre and Miquelon,SPM,0.066,11.081,0.0,0.066,0.0,0.0,3.635,0.0,5952.0,0.0,1.0,0.0,1,Oil-Dependent Low-Impact Economies,3,Ultra Oil-Dependent Nations,5.492976484753872e-06,0.3069658926785913,0.0,2.501246383791245e-05,0.0,0.0,8.161412733362878e-06,0.0335941916466301,2.819542022246473e-06,0.0,0.9999999999999999,0.0
Saint Vincent and the Grenadines,VCT,0.227,2.165,0.0,0.227,0.0,0.0,6.749,-0.037,104940.0,0.0,1.0,0.0,1,Oil-Dependent Low-Impact Economies,6,Low-Emission Oil-Dependent Economies,2.0482285197387318e-05,0.05932674147316965,0.0,9.326681431085998e-05,0.0,0.0,1.5716299550155985e-05,0.033569555151457854,7.24381066763083e-05,0.0,0.9999999999999999,0.0
Samoa,WSM,0.271,1.279,0.0,0.271,0.0,0.0,6.562,-0.183,211915.0,0.0,1.0,0.0,1,Oil-Dependent Low-Impact Economies,6,Low-Emission Oil-Dependent Economies,2.4578742236864782e-05,0.03471836462615265,0.0,0.00011192017717303198,0.0,0.0,1.5262618164561796e-05,0.03347234087321061,0.00014767395297958006,0.0,0.9999999999999999,0.0
Sao Tome and Principe,STP,0.132,0.615,0.0,0.132,0.0,0.0,3.254,-0.037,214612.0,0.0,1.0,0.0,1,Oil-Dependent Low-Impact Economies,6,Low-Emission Oil-Dependent Economies,1.1637662043970068e-05,0.016275969336740363,0.0,5.2992508131170445e-05,0.0,0.0,7.237067236510542e-06,0.033569555151457854,0.0001495707613692031,0.0,0.9999999999999999,0.0
Saudi Arabia,SAU,656.481,18.323,0.0,371.995,255.934,24.604,15372.252,1.979,35827364.0,0.0,0.5924157030492301,0.4075842969507699,4,Gas-Dominant High Per-Capita Emitters,1,Gas-Dominant High Per-Capita Emitters,0.06111858042122564,0.5081102099766693,0.0,0.15770061691758266,0.15288778547657436,0.02975536839864744,0.0372940194620726,0.03491191121273481,0.02519612870395891,0.0,0.5651340379537455,0.44945525627889027
Senegal,SEN,12.761,0.798,2.088,7.971,0.029,2.674,234.358,-3.774,16000783.0,0.2069785884218873,0.7901467089611419,0.0028747026169706,1,Oil-Dependent Low-Impact Economies,6,Low-Emission Oil-Dependent Economies,0.0011874139336703537,0.021358737918009112,0.0002768071776843568,0.0033762586780531315,1.7323785737028518e-05,0.003233858522922421,0.0005679193289282748,0.031081269139061035,0.011252033346769212,0.2208327054070274,0.7761001736845414,0.003170019579022638
Serbia,SRB,44.344,5.992,29.601,9.222,4.562,0.959,2728.684,-11.285,7401056.0,0.6822865045522646,0.2125619453728247,0.1051515500749107,2,Coal-Dependent Heavy Emitters,2,Coal-Dependent Industrializing Economies,0.004127832176348007,0.16562048661259862,0.003924218997430386,0.003906607699429885,0.0027252107080111758,0.001159786957173748,0.006619412782423548,0.026080060619095152,0.005203818915153448,0.7279553687740182,0.15985475952073278,0.11595372353795555
Seychelles,SYC,0.594,5.686,0.0,0.594,0.0,0.0,12.996,,104386.0,0.0,1.0,0.0,1,Oil-Dependent Low-Impact Economies,6,Low-Emission Oil-Dependent Economies,5.465046095848343e-05,0.15712143095211645,0.0,0.0002488528181839764,0.0,0.0,3.0872169153401496e-05,,7.204847677350848e-05,0.0,0.9999999999999999,0.0
Sierra Leone,SLE,1.191,0.148,0.0,1.191,0.0,0.0,36.091,12.201,8046830.0,0.0,1.0,0.0,1,Oil-Dependent Low-Impact Economies,6,Low-Emission Oil-Dependent Economies,0.00011023193488048448,0.0033051883124097323,0.0,0.0005019450370184464,0.0,0.0,8.690303332611722e-05,0.04171824239248335,0.005657993754234064,0.0,0.9999999999999999,0.0
Singapore,SGP,29.917,5.1,1.971,7.057,20.888,0.0,2039.079,0.33,5866408.0,0.065884476534296,0.2358938360743414,0.6982216873913625,0,Moderate Mixed-Source Emitters,5,Gas-Focused Moderate Emitters,0.0027846597738811576,0.1408454616153761,0.00026129643065894026,0.002988777458598013,0.012477904706036266,0.0,0.004946359563639151,0.0338139225495177,0.004124496259788891,0.07029445561653005,0.18474837090905039,0.7699497006968076
Sint Maarten (Dutch part),SXM,0.689,16.019,0.0,0.689,0.0,0.0,69.053,0.0,43002.0,0.0,1.0,0.0,1,Oil-Dependent Low-Impact Economies,3,Ultra Oil-Dependent Nations,6.349508411190069e-05,0.4441173202977447,0.0,0.00028912712436366593,0.0,0.0,0.0001668722623740088,0.0335941916466301,2.8876920900827626e-05,0.0,0.9999999999999999,0.0
Slovakia,SVK,33.776,6.193,11.778,10.319,9.37,1.404,3867.9,-1.722,5453932.0,0.3742968824482792,0.3279308481901675,0.2977722693615534,0,Moderate Mixed-Source Emitters,0,Moderate Mixed-Source Emitters,0.0031439376765026016,0.17120319964448397,0.0015614152005585988,0.004371669950789037,0.00559737490882611,0.0016979571302105756,0.009383268896707353,0.03244759584428936,0.0038344006211837186,0.3993504536227135,0.28294588272939847,0.3283622863782925
Slovenia,SVN,14.048,6.649,4.53,7.057,1.753,0.478,839.162,2.565,2112905.0,0.3395802098950525,0.5290104947526237,0.1314092953523238,0,Moderate Mixed-Source Emitters,0,Moderate Mixed-Source Emitters,0.0013072353020750697,0.18386845906010446,0.0006005443079071534,0.002988777458598013,0.0010471929792072756,0.0005780794218238285,0.002035236530708537,0.035302100028165515,0.0014846460629497282,0.36231001972511606,0.4974848004563126,0.14490891568165826
Solomon Islands,SLB,0.293,0.434,0.0,0.293,0.0,0.0,10.131,5.679,675000.0,0.0,1.0,0.0,1,Oil-Dependent Low-Impact Economies,6,Low-Emission Oil-Dependent Economies,2.662697075660351e-05,0.01124875013887346,0.0,0.00012124685860411798,0.0,0.0,2.3921382149511888e-05,0.03737556072995938,0.0004733630568388987,0.0,0.9999999999999999,0.0
Somalia,SOM,0.638,0.04,0.0,0.638,0.0,,32.3,19.932,15981312.0,0.0,1.0,0.0,1,Oil-Dependent Low-Impact Economies,6,Low-Emission Oil-Dependent Economies,5.8746917997960894e-05,0.0003055216087101435,0.0,0.0002675061810461484,0.0,,7.770567432725315e-05,0.046865938181040956,0.011238339332622253,0.0,0.9999999999999999,0.0
South Africa,ZAF,466.924,8.038,394.345,57.979,9.105,5.453,20593.338,0.293,58087060.0,0.8546168532970403,0.1256509668876468,0.0197321798153128,2,Coal-Dependent Heavy Emitters,2,Coal-Dependent Industrializing Economies,0.04347057798867497,0.2224475058326853,0.052278508852460576,0.024576653451041704,0.0054390713495049885,0.006594701019258027,0.04996091534863106,0.03378928605434545,0.04085144131918259,0.9118206537158351,0.06712639252011884,0.021759258151458592
South Korea,KOR,646.102,12.472,321.606,175.797,113.586,24.93,17714.223,-6.192,51803832.0,0.5263695418411788,0.2877253109303113,0.1859051472285098,2,Coal-Dependent Heavy Emitters,2,Coal-Dependent Industrializing Economies,0.060152282066390714,0.34560048883457395,0.04263546416971037,0.07452442403502763,0.06785308712848694,0.03014962340181599,0.04297588389149193,0.029471240886993735,0.03643242775436452,0.5616021002699672,0.24004918682895338,0.20500310295626284
South Sudan,SSD,1.652,0.158,0.0,1.652,0.0,0.0,37.591,8.83,10447677.0,0.0,1.0,0.0,1,Oil-Dependent Low-Impact Economies,6,Low-Emission Oil-Dependent Economies,0.00015315163249864607,0.003582935229418954,0.0,0.000697381407006203,0.0,0.0,9.054218882553586e-05,0.0394736579269255,0.0073465168286876385,0.0,0.9999999999999999,0.0
Spain,ESP,251.825,5.343,23.622,141.221,71.253,9.064,14653.214,-24.549,47131372.0,0.1000525210084033,0.5981507522363785,0.3017967267552182,0,Moderate Mixed-Source Emitters,0,Moderate Mixed-Source Emitters,0.02344458224470763,0.14759471169870017,0.0031315800532853814,0.05986627234588083,0.04256454155587907,0.010961740333496195,0.03554955873407861,0.0172482100254555,0.033146272274876924,0.10674953900083071,0.5712529628014639,0.33280017454715777
Sri Lanka,LKA,22.22,1.026,5.903,14.806,0.0,1.511,478.562,10.223,21649664.0,0.2850451494519291,0.7149548505480708,0.0,0,Moderate Mixed-Source Emitters,0,Moderate Mixed-Source Emitters,0.0020680590958616564,0.027691367625819356,0.0007825635871028534,0.00627388902266553,0.0,0.001827359845974487,0.0011603835486482953,0.04040118867759951,0.015224908716729222,0.3041246536492636,0.6958753463507362,0.0
St. Kitts-Nevis-Anguilla,,,,,,,,,,,,,,0,Moderate Mixed-Source Emitters,0,Moderate Mixed-Source Emitters,,,,,,,,,,,,
Sudan,SDN,21.952,0.508,0.0,19.874,0.0,1.556,432.768,19.273,43232092.0,0.0,1.0,0.0,1,Oil-Dependent Low-Impact Economies,6,Low-Emission Oil-Dependent Economies,0.002043107948439385,0.013304077324741698,0.0,0.008422417272335706,0.0,0.0018817815488658518,0.0010492825573547103,0.04642714222648663,0.03040389666587088,0.0,0.9999999999999999,0.0
Suriname,SUR,2.683,4.469,0.0,2.66,0.011,0.012,111.881,3.481,600305.0,0.0,0.9958816922500936,0.0041183077499064,1,Oil-Dependent Low-Impact Economies,6,Low-Emission Oil-Dependent Economies,0.00024913906903731113,0.12331963115209424,0.0,0.0011247129925759617,6.571091141631507e-06,1.4512454104363896e-05,0.0002707774301934099,0.03591201974648381,0.000420829833752917,0.0,0.9956060332180022,0.004541379731793478
Svalbard and Jan Mayen,SJM,,,,,,,,0.0,,,,,0,Moderate Mixed-Source Emitters,0,Moderate Mixed-Source Emitters,,,,,,,,0.0335941916466301,,,,
Sweden,SWE,40.982,3.991,8.092,28.705,1.778,1.349,4954.176,4.104,10267922.0,0.2097731691510045,0.7441348023331174,0.0460920285158781,0,Moderate Mixed-Source Emitters,0,Moderate Mixed-Source Emitters,0.003814825618013388,0.11004332851905345,0.0010727603840142794,0.012166231986786635,0.001062127277256438,0.0016314417155655744,0.012018687082898345,0.03632684505708676,0.007220094584684417,0.22381434146704043,0.7270084589372603,0.05082704275901024
Switzerland,CHE,36.733,4.283,0.432,27.489,6.879,1.732,2990.519,-0.806,8575593.0,0.0124137931034482,0.7899137931034483,0.1976724137931034,0,Moderate Mixed-Source Emitters,0,Moderate Mixed-Source Emitters,0.003419238209814757,0.11815353849572272,5.7270450555384165e-05,0.01165072086768661,0.004109321451207557,0.0020946308757298555,0.007254651635883734,0.033057515562607664,0.0060298743973643,0.013244710654851843,0.7758516675980962,0.21797921574828794
Syria,SYR,27.479,1.367,0.004,18.408,6.548,0.768,1835.076,-0.33,20098252.0,0.0001602564102564,0.7375,0.2623397435897436,0,Moderate Mixed-Source Emitters,0,Moderate Mixed-Source Emitters,0.002557678813375565,0.0371625374958338,5.302819495868905e-07,0.0078009211369733395,0.003911591345036646,0.0009287970626792894,0.004451427137407217,0.0333744607437425,0.014133795888638065,0.00017098317707918501,0.719929555944277,0.2892897924904804
Taiwan,TWN,273.515,11.503,154.561,65.471,46.95,5.508,8772.0,2.528,23777742.0,0.5789191780719299,0.2452262699358009,0.1758545519922691,2,Coal-Dependent Heavy Emitters,2,Coal-Dependent Industrializing Economies,0.02546394936257732,0.31868681257638043,0.020490227102524843,0.027752812418391535,0.028046611736327207,0.006661216433903028,0.02128112388650667,0.03527746353299327,0.016721592515087473,0.6176691477142079,0.1947054714640966,0.1939200143989881
Tajikistan,TJK,9.832,1.053,4.565,2.935,0.278,2.053,467.801,-0.256,9337008.0,0.586911802519928,0.3773463615325276,0.0357418359475443,2,Coal-Dependent Heavy Emitters,2,Coal-Dependent Industrializing Economies,0.0009147202366560473,0.028441284301744252,0.0006051842749660387,0.0012412965104645365,0.00016606939430668718,0.0024828390230215895,0.0011342762470954659,0.033423733734087,0.006565379907184404,0.626196758679242,0.3356690246914415,0.03941357936471706
Tanzania,TZA,13.043,0.218,1.891,6.756,1.872,2.524,233.887,60.932,59872584.0,0.1797699401083753,0.6422663751307158,0.1779636847609088,0,Moderate Mixed-Source Emitters,0,Moderate Mixed-Source Emitters,0.0012136684992415502,0.005249416731474281,0.00025069079166720247,0.0028611714990181545,0.0011182802379212891,0.003052452846617873,0.0005667766341014573,0.07416583823677271,0.04210720583645114,0.19180284553913673,0.6183214660159853,0.19624581746879982
Thailand,THA,290.239,4.07,62.483,121.009,83.852,22.304,7227.5,62.581,71307768.0,0.2337176072775151,0.4526340594888982,0.3136483332335867,0,Moderate Mixed-Source Emitters,0,Moderate Mixed-Source Emitters,0.027020975442764158,0.1122375291634263,0.008283401764009417,0.05129759575110309,0.05009083040073501,0.026973814695311026,0.017534006773938605,0.07526382689998982,0.05014960589135773,0.24936150115754177,0.41599610659077046,0.3458692914559848
Togo,TGO,2.205,0.267,0.0,1.172,0.191,0.842,63.708,0.403,8243093.0,0.0,0.8598679383712399,0.1401320616287601,1,Oil-Dependent Low-Impact Economies,6,Low-Emission Oil-Dependent Economies,0.00020463664938116964,0.0066103766248194655,0.0,0.0004938901757825085,0.00011409803709560162,0.0010182905296562,0.00015390473827774702,0.03386252968864131,0.005796026125377033,0.0,0.850488195326435,0.15452776798182447
Tonga,TON,0.161,1.536,0.0,0.161,0.0,0.0,4.225,0.0,104965.0,0.0,1.0,0.0,1,Oil-Dependent Low-Impact Economies,6,Low-Emission Oil-Dependent Economies,1.4337599638171123e-05,0.04185646039328964,0.0,6.528677001760199e-05,0.0,0.0,9.592813896467545e-06,0.0335941916466301,7.245568925314945e-05,0.0,0.9999999999999999,0.0
Trinidad and Tobago,TTO,40.768,26.822,0.0,3.741,36.416,0.263,1536.698,-0.256,1519960.0,0.0,0.0931593495530044,0.9068406504469956,4,Gas-Dominant High Per-Capita Emitters,1,Gas-Dominant High Per-Capita Emitters,0.003794901940594111,0.7441673147428064,0.0,0.0015829922028943236,0.021753895910332086,0.0003180646191206421,0.003727531177670193,0.033423733734087,0.001067626021946751,0.0,0.032459947967730565,1.0
Tunisia,TUN,29.704,2.465,0.0,13.46,12.558,3.223,879.155,-0.403,12049319.0,0.0,0.5173341532784995,0.4826658467215005,0,Moderate Mixed-Source Emitters,5,Gas-Focused Moderate Emitters,0.0027648291977582324,0.06765914898344629,0.0,0.005703265695109088,0.007501796596055314,0.0038978032981970695,0.002132263694634037,0.033325853604618885,0.00847295657016803,0.0,0.4850269027740107,0.5322499013289569
Turkey,TUR,401.72,4.812,164.972,114.86,83.141,32.349,10481.146,-13.813,83481688.0,0.4545021255024478,0.3164422698107021,0.22905560468685,2,Coal-Dependent Heavy Emitters,2,Coal-Dependent Industrializing Economies,0.03740000106135478,0.13284635040551052,0.02187041844681212,0.048690788291114555,0.04966609896421683,0.03912194815183897,0.025427689263312923,0.024396788732731985,0.05871156124567721,0.48492423662377326,0.2706883160691857,0.25258638832957586
Turkmenistan,TKM,74.762,12.14,0.0,20.218,50.494,1.523,2346.067,-0.366,6158424.0,0.0,0.2859203529811064,0.7140796470188935,4,Gas-Dominant High Per-Capita Emitters,1,Gas-Dominant High Per-Capita Emitters,0.006959787408775858,0.33637929118986787,0.0,0.008568252654712687,0.030163697827776483,0.001841872300078851,0.0056911442759428384,0.03335049009979113,0.004329872010142677,0.0,0.2381234139743411,0.7874367416887551
Turks and Caicos Islands,TCA,0.363,8.415,0.0,0.363,0.0,0.0,5.785,0.037,43104.0,0.0,1.0,0.0,1,Oil-Dependent Low-Impact Economies,3,Ultra Oil-Dependent Nations,3.3144061501226746e-05,0.2329185646039329,0.0,0.00015092266315757343,0.0,0.0,1.3377535615862936e-05,0.033618828141802344,2.8948657814339507e-05,0.0,0.9999999999999999,0.0
Tuvalu,TUV,0.007,0.667,0.0,0.007,0.0,0.0,0.271,,10983.0,0.0,1.0,0.0,1,Oil-Dependent Low-Impact Economies,6,Low-Emission Oil-Dependent Economies,0.0,0.017720253305188314,0.0,0.0,0.0,0.0,0.0,,6.357859785759073e-06,0.0,0.9999999999999999,0.0
Uganda,UGA,6.012,0.14,0.0,5.43,0.0,0.582,101.128,4.8,42949076.0,0.0,1.0,0.0,1,Oil-Dependent Low-Impact Economies,6,Low-Emission Oil-Dependent Economies,0.0005590732845923219,0.003082990778802356,0.0,0.0022990269727626985,0.0,0.0007038540240616489,0.0002446895374699108,0.03679027750681333,0.030204850643179907,0.0,0.9999999999999999,0.0
Ukraine,UKR,222.057,5.023,114.045,38.481,60.538,3.947,30375.934,11.395,44211100.0,0.5352617054030714,0.1806077047272181,0.2841305898697104,2,Coal-Dependent Heavy Emitters,2,Coal-Dependent Industrializing Economies,0.020673142854908424,0.13870681035440507,0.015119001235159229,0.016310670062709212,0.03616370141200801,0.004773388029160358,0.07369450736995829,0.04118156630846091,0.03109243600139482,0.5710894610219496,0.12576166097948147,0.31331920302608635
United Arab Emirates,ARE,208.496,22.634,7.498,60.495,133.141,5.728,4698.309,-0.037,9211660.0,0.0372786301669533,0.300769636162956,0.6619517336700906,4,Gas-Dominant High Per-Capita Emitters,1,Gas-Dominant High Per-Capita Emitters,0.0194105961750822,0.6278469058993446,0.000994013514500626,0.025643286654705902,0.07953469506254185,0.006927278092483033,0.01139792721611851,0.033569555151457854,0.006477222273509035,0.03977387620818164,0.2539666342968165,0.7299537502468648
United Kingdom,GBR,364.753,5.462,24.513,168.996,159.321,4.448,77835.68,5.569,66778660.0,0.069475384746195,0.4789728764560836,0.4515517387977212,2,Coal-Dependent Heavy Emitters,4,Major Historical Emitters,0.033958325439119245,0.1508999000111099,0.0032497003575558616,0.07164120765262691,0.09517389197962485,0.005379282988017551,0.18883677114123293,0.03730231709566351,0.04696427031408343,0.0741257213592725,0.4440979129294449,0.4979394544952793
United States,USA,5259.144,15.731,1070.724,2358.831,1673.999,40.896,412183.812,94.385,334319680.0,0.209799680771478,0.4621937967149951,0.3280065225135268,3,Exceptional Emitter: Unique Emissions Profile,7,Exceptional Emitter: Unique Emissions Profile,0.4896324723915088,0.4361182090878792,0.1419464025473684,1.0,1.0,0.04945844358767216,1.0,0.0964405591285872,0.23512669200644667,0.22384262764349244,0.42619572506684283,0.3617024913383045
Uruguay,URY,6.49,1.893,0.004,6.031,0.165,0.291,365.312,10.003,3428412.0,0.0006451612903225,0.972741935483871,0.0266129032258064,1,Oil-Dependent Low-Impact Economies,6,Low-Emission Oil-Dependent Economies,0.0006035757042484635,0.051772025330518834,5.302819495868905e-07,0.0025538149518573657,9.85663671244726e-05,0.00035192701203082445,0.0008856273084421875,0.040254701409007776,0.002409846179452445,0.0006883451774026125,0.9709174162547359,0.029346835315210557
Uzbekistan,UZB,118.798,3.602,8.28,12.278,92.389,4.679,6107.122,-1.905,32976946.0,0.073308720019124,0.1087058531877783,0.8179854267930976,0,Moderate Mixed-Source Emitters,5,Gas-Focused Moderate Emitters,0.011059596094921985,0.09923897344739474,0.001097683635644863,0.005202168538220741,0.05519059449856302,0.005658647729526556,0.014815853600520163,0.03232574507086988,0.02319142096338327,0.07821564102442943,0.049047057211559275,0.9020167174794163
Vanuatu,VUT,0.161,0.53,0.0,0.161,0.0,0.0,4.551,-1.246,304414.0,0.0,1.0,0.0,1,Oil-Dependent Low-Impact Economies,6,Low-Emission Oil-Dependent Economies,1.4337599638171123e-05,0.013915120542161985,0.0,6.528677001760199e-05,0.0,0.0,1.0383723691674531e-05,0.032764541025424206,0.00021272878398875356,0.0,0.9999999999999999,0.0
Venezuela,VEN,89.111,3.076,0.165,34.758,34.476,1.774,7663.754,14.693,28971686.0,0.002377555872563,0.5008429516275451,0.4967794924998919,0,Moderate Mixed-Source Emitters,5,Gas-Focused Moderate Emitters,0.00829569791012727,0.0846294856127097,2.187413042045923e-05,0.014732341200530435,0.020594994381717076,0.002145424465095129,0.018592404202767525,0.04337754363489514,0.02037450929463223,0.0025366976342705194,0.46743186212869536,0.5478134358611094
Vietnam,VNM,341.005,3.56,191.442,76.333,18.906,52.855,3968.952,178.144,95776712.0,0.6677875408555154,0.2662645937470568,0.0659478653974278,2,Coal-Dependent Heavy Emitters,2,Coal-Dependent Industrializing Economies,0.03174735585335763,0.09807243639595602,0.02537955924820337,0.03235764940495772,0.01129391355669866,0.06392131347384614,0.00962843152439219,0.15221159153756367,0.0673586894154275,0.7124859165801274,0.21715199600507384,0.072722661213876
Wallis and Futuna,WLF,0.026,2.186,0.0,0.026,0.0,0.0,0.718,,11735.0,0.0,1.0,0.0,1,Oil-Dependent Low-Impact Economies,6,Low-Emission Oil-Dependent Economies,1.7689246306834496e-06,0.05991000999888902,0.0,8.054861235937907e-06,0.0,0.0,1.084468338826756e-06,,6.886743697140801e-06,0.0,0.9999999999999999,0.0
Western Sahara,ESH,,,,,,,,0.0,544883.0,,,,0,Moderate Mixed-Source Emitters,0,Moderate Mixed-Source Emitters,,,,,,,,0.0335941916466301,0.00038185137080531316,,,
Yemen,YEM,12.684,0.402,0.355,10.124,0.198,0.664,626.98,-1.502,31546694.0,0.0332490399925072,0.9482064250257562,0.0185445349817364,1,Oil-Dependent Low-Impact Economies,6,Low-Emission Oil-Dependent Economies,0.0011802451338512683,0.010359960004443954,4.706252302583652e-05,0.004289001638104411,0.00011827964054936713,0.0008030224604414689,0.0015204610025901062,0.032594083112881096,0.022185520335695052,0.03547456531477327,0.9447396207913529,0.020449607075504958
Zambia,ZMB,7.747,0.421,2.348,4.439,0.0,0.961,242.705,63.424,18380478.0,0.3459555031678208,0.6540444968321791,0.0,0,Moderate Mixed-Source Emitters,0,Moderate Mixed-Source Emitters,0.0007206040337626265,0.010887679146761472,0.00031127550440750466,0.0018789023682987795,0.0,0.0011622056995244752,0.0005881700162307064,0.0758251394791845,0.012925680154609027,0.36911204341231485,0.630887956587685,0.0
Zimbabwe,ZWE,11.115,0.724,6.888,3.657,0.0,0.57,776.313,8.317,15354606.0,0.6532005689900426,0.3467994310099573,0.0,2,Coal-Dependent Heavy Emitters,2,Coal-Dependent Industrializing Economies,0.001034169199875356,0.019303410732140872,0.0009131455171886252,0.001547381237430177,0.0,0.0006893415699572849,0.0018827583413865622,0.03913207625061842,0.010797575076549916,0.6969225653885415,0.30307743461145836,0.0
