country,year,iso_code,co2,co2_per_capita,co2_growth_abs,coal_co2,oil_co2,gas_co2,cement_co2,cumulative_co2,cumulative_luc_co2,land_use_change_co2,population,gdp,entity_type,fossil_emissions,coal_share,oil_share,gas_share
Afghanistan,2019,AFG,11.082,0.293,0.264,3.955,6.843,0.246,0.038,194.437,860.417,0.33,37769496.0,,Country,11.044,0.3581130025353133,0.6196124592538935,0.02227453821079319
Aland Islands,2019,ALA,,,,,,,,,5.276,0.0,,,Country,,,,
Albania,2019,ALB,4.947,1.722,-0.037,0.322,3.44,0.132,1.048,284.491,454.263,0.22,2873883.0,,Country,3.894,0.08269131997945557,0.8834103749357987,0.03389830508474576
Algeria,2019,DZA,179.505,4.203,5.593,1.096,59.158,91.25,11.028,4513.793,1231.617,2.162,42705372.0,,Country,151.50400000000002,0.007234132432147006,0.39047153870524864,0.6022943288626043
Andorra,2019,AND,0.48,6.286,-0.015,0.0,0.48,0.0,0.0,14.583,0.806,0.0,76361.0,,Country,0.48,0.0,1.0,0.0
Angola,2019,AGO,21.818,0.674,-0.961,0.0,13.894,2.429,1.124,615.477,10489.739,71.265,32353592.0,,Country,16.323,0.0,0.8511915701770508,0.1488084298229492
Anguilla,2019,AIA,0.154,9.988,0.011,0.0,0.154,0.0,0.0,3.312,0.0,0.0,15408.0,,Country,0.154,0.0,1.0,0.0
Antarctica,2019,ATA,,,,,,,,,,,,,Country,,,,
Antigua and Barbuda,2019,ATG,0.498,5.409,0.0,0.0,0.498,0.0,0.0,21.108,-8.097,0.0,92127.0,,Country,0.498,0.0,1.0,0.0
Argentina,2019,ARG,178.512,3.989,-2.088,2.143,74.848,95.608,4.141,8280.789,13258.624,44.334,44745516.0,,Country,172.599,0.012416062665484735,0.4336525704088668,0.5539313669256485
Armenia,2019,ARM,6.284,2.228,0.458,0.011,1.044,4.888,0.341,370.055,251.753,0.623,2820604.0,,Country,5.943,0.001850917045263335,0.1756688541140838,0.8224802288406529
Aruba,2019,ABW,0.912,8.57,0.04,0.0,0.912,0.0,0.0,75.229,,,106458.0,,Country,0.912,0.0,1.0,0.0
Australia,2019,AUS,416.357,16.42,0.073,164.471,143.085,81.694,3.04,18177.723,13720.104,24.036,25357168.0,,Country,389.25000000000006,0.42253307642903015,0.3675915221579961,0.20987540141297364
Austria,2019,AUT,67.936,7.651,1.379,13.005,34.087,17.793,1.771,5445.037,217.605,-2.125,8879939.0,,Country,64.885,0.20043153271172073,0.5253448408723126,0.2742236264159667
Azerbaijan,2019,AZE,37.738,3.688,3.162,0.004,12.097,24.122,1.096,2454.483,842.72,7.475,10232761.0,,Country,36.223,0.00011042707671921156,0.3339590867680755,0.6659304861552052
Bahamas,2019,BHS,2.535,6.267,-0.165,0.004,2.532,0.0,0.0,167.079,7.291,-0.037,404563.0,,Country,2.536,0.0015772870662460567,0.998422712933754,0.0
Bahrain,2019,BHR,37.814,25.307,5.027,0.0,3.748,33.13,0.615,895.656,0.0,0.0,1494195.0,,Country,36.878,0.0,0.10163240956667932,0.8983675904333207
Bangladesh,2019,BGD,91.657,0.554,9.164,15.004,16.781,58.373,1.474,1466.249,4736.453,20.299,165516224.0,,Country,90.15799999999999,0.16641895339293242,0.18612879611348968,0.647452250493578
Barbados,2019,BRB,1.177,4.201,-0.11,0.0,1.041,0.048,0.071,53.963,3.298,-0.11,280193.0,,Country,1.089,0.0,0.9559228650137741,0.0440771349862259
Belarus,2019,BLR,62.039,6.413,-0.055,4.1,18.037,36.628,2.276,4889.782,4013.839,-3.627,9673971.0,,Country,58.765,0.0697694205734706,0.30693439972772907,0.6232961796988004
Belgium,2019,BEL,99.433,8.638,-0.441,13.192,45.243,36.199,2.819,12458.06,353.832,2.895,11510569.0,,Country,94.634,0.13940021556734367,0.47808398672781455,0.3825157977048418
Belize,2019,BLZ,0.707,1.817,0.103,0.0,0.707,0.0,0.0,18.529,263.845,4.14,389103.0,,Country,0.707,0.0,1.0,0.0
Benin,2019,BEN,7.144,0.581,-0.29,0.271,6.379,0.106,0.388,104.017,1214.213,12.274,12290443.0,,Country,6.755999999999999,0.040112492599171115,0.9441977501480167,0.015689757252812315
Bermuda,2019,BMU,0.583,9.127,-0.121,0.0,0.583,0.0,0.0,28.458,,,63833.0,,Country,0.583,0.0,1.0,0.0
Bhutan,2019,BTN,1.447,1.886,0.098,0.421,0.572,0.0,0.454,16.697,1057.943,6.815,767467.0,,Country,0.9929999999999999,0.4239677744209467,0.5760322255790534,0.0
Bolivia,2019,BOL,23.239,1.973,-0.56,0.026,12.754,8.867,1.538,533.172,7658.456,17.551,11777318.0,,Country,21.647,0.0012010902203538597,0.5891809488612741,0.4096179609183721
Bonaire Sint Eustatius and Saba,2019,BES,0.11,4.294,0.011,0.0,0.11,0.0,0.0,8.43,0.22,0.0,25597.0,,Country,0.11,0.0,1.0,0.0
Bosnia and Herzegovina,2019,BIH,20.81,6.192,-1.265,15.334,4.683,0.429,0.365,929.863,1099.603,-0.586,3360718.0,,Country,20.445999999999998,0.7499755453389416,0.22904235547295315,0.020982099188105254
Botswana,2019,BWA,6.782,2.713,-0.722,3.86,2.922,0.0,0.0,143.712,270.55,-0.366,2499705.0,,Country,6.782,0.5691536419935123,0.4308463580064878,0.0
Brazil,2019,BRA,475.105,2.243,-1.998,61.888,302.334,67.121,19.865,15741.251,111754.273,1328.2,211782880.0,,Country,431.34299999999996,0.1434774645699594,0.7009131943719964,0.1556093410580443
British Virgin Islands,2019,VGB,0.169,5.502,0.007,0.0,0.169,0.0,0.0,5.371,,,30631.0,,Country,0.169,0.0,1.0,0.0
Brunei,2019,BRN,10.488,23.941,1.143,0.363,3.576,5.972,0.0,350.233,83.942,1.136,438058.0,,Country,9.911000000000001,0.036625971143174244,0.3608112198567248,0.6025628090001008
Bulgaria,2019,BGR,42.256,5.992,-1.36,20.767,13.092,5.245,1.127,3793.758,1222.823,-5.276,7052536.0,,Country,39.104,0.5310709901800327,0.3347995090016367,0.1341295008183306
Burkina Faso,2019,BFA,5.296,0.253,0.348,0.0,4.444,0.0,0.852,63.482,1128.878,3.517,20951638.0,,Country,4.444,0.0,1.0,0.0
Burundi,2019,BDI,0.718,0.06,0.034,0.048,0.641,0.0,0.029,12.477,717.448,4.36,11874838.0,,Country,0.6890000000000001,0.06966618287373004,0.93033381712627,0.0
Cambodia,2019,KHM,18.025,1.112,3.636,4.419,8.281,0.0,5.325,147.548,4756.568,28.982,16207746.0,,Country,12.7,0.3479527559055118,0.6520472440944882,0.0
Cameroon,2019,CMR,9.505,0.369,-0.129,0.0,5.053,1.326,1.162,224.283,3453.393,28.689,25782342.0,,Country,6.379,0.0,0.792130427966766,0.20786957203323408
Canada,2019,CAN,584.714,15.583,0.345,58.326,269.326,231.962,7.125,33034.898,38307.082,116.955,37522584.0,,Country,559.614,0.10422541251648457,0.4812710189523493,0.4145035685311661
Cape Verde,2019,CPV,0.612,1.06,0.029,0.0,0.612,0.0,0.0,14.007,7.768,-0.11,577037.0,,Country,0.612,0.0,1.0,0.0
Central African Republic,2019,CAF,0.227,0.044,0.007,0.0,0.227,0.0,0.0,10.373,882.584,3.004,5209329.0,,Country,0.227,0.0,1.0,0.0
Chad,2019,TCD,1.922,0.119,-0.084,0.0,1.44,0.0,0.163,32.862,1212.161,19.492,16126868.0,,Country,1.44,0.0,1.0,0.0
Chile,2019,CHL,91.962,4.83,7.493,31.017,48.022,12.051,0.825,2827.471,4611.657,35.358,19039484.0,,Country,91.09,0.34050938632122074,0.5271928861565485,0.13229772752223076
China,2019,CHN,10740.996,7.554,387.119,7543.157,1559.728,630.171,826.876,226924.234,59074.746,264.321,1421864064.0,,Country,9733.056,0.7750039658664246,0.16025059344156656,0.06474544069200876
Christmas Island,2019,CXR,,,,,,,,,,,,,Country,,,,
Colombia,2019,COL,96.438,1.922,14.011,18.426,47.766,23.706,5.537,3326.314,20117.119,110.836,50187404.0,,Country,89.898,0.20496562771140625,0.5313355135820597,0.2636988587065341
Comoros,2019,COM,0.311,0.394,0.018,0.0,0.311,0.0,0.0,5.049,16.451,-0.037,790993.0,,Country,0.311,0.0,1.0,0.0
Congo,2019,COG,7.341,1.318,0.745,0.0,2.024,1.885,0.283,95.442,3519.235,18.393,5570736.0,,Country,3.909,0.0,0.5177794832437964,0.48222051675620364
Cook Islands,2019,COK,0.084,4.919,0.004,0.0,0.084,0.0,0.0,2.257,,,17133.0,,Country,0.084,0.0,1.0,0.0
Costa Rica,2019,CRI,8.054,1.584,-0.176,0.0,7.317,0.0,0.737,246.364,2048.03,0.733,5084527.0,,Country,7.317,0.0,1.0,0.0
Cote d'Ivoire,2019,CIV,10.535,0.403,0.183,0.0,6.185,4.258,0.0,325.011,12487.864,37.043,26147544.0,,Country,10.443,0.0,0.5922627597433687,0.4077372402566313
Croatia,2019,HRV,17.857,4.324,0.133,1.678,9.321,5.245,1.184,1083.527,1054.499,-2.895,4129749.0,,Country,16.244,0.10329967988180251,0.5738118689977838,0.3228884511204137
Cuba,2019,CUB,22.842,2.018,0.211,0.004,20.349,1.825,0.633,1595.052,4101.812,-6.632,11316699.0,,Country,22.178,0.00018035891423933626,0.9175308864640634,0.08228875462169717
Curacao,2019,CUW,1.96,10.15,-2.019,0.0,1.96,0.0,0.0,572.103,4.763,0.037,193119.0,,Country,1.96,0.0,1.0,0.0
Cyprus,2019,CYP,7.343,5.976,0.001,0.068,6.461,0.0,0.789,286.601,67.234,-0.843,1228840.0,,Country,6.529,0.010415071220707613,0.9895849287792925,0.0
Czechia,2019,CZE,101.013,9.587,-5.325,57.447,22.487,17.362,1.977,11887.998,-165.906,-18.796,10536876.0,,Country,97.29599999999999,0.590435372471633,0.23111947048182865,0.1784451570465384
Democratic Republic of Congo,2019,COD,2.605,0.029,0.133,0.0,2.154,0.0,0.451,190.316,23359.721,376.916,89906896.0,,Country,2.154,0.0,1.0,0.0
Denmark,2019,DNK,30.955,5.341,-3.77,3.588,19.699,6.017,1.129,4057.229,1202.268,0.806,5795879.0,,Country,29.304000000000002,0.12244062244062244,0.6722290472290472,0.20533033033033032
Djibouti,2019,DJI,0.393,0.366,0.008,0.0,0.315,0.0,0.077,18.498,4.324,0.073,1073999.0,,Country,0.315,0.0,1.0,0.0
Dominica,2019,DMA,0.169,2.359,0.007,0.0,0.169,0.0,0.0,4.679,1.099,-0.073,71446.0,,Country,0.169,0.0,1.0,0.0
Dominican Republic,2019,DOM,28.358,2.606,2.601,3.265,20.452,2.47,2.171,720.843,1480.293,-0.916,10881886.0,,Country,26.187,0.12468018482453125,0.7809982052163288,0.09432160995914003
East Timor,2019,TLS,0.685,0.535,0.051,0.0,0.605,0.0,0.0,7.823,419.418,3.737,1280442.0,,Country,0.605,0.0,1.0,0.0
Ecuador,2019,ECU,40.264,2.322,2.019,0.0,34.852,1.213,2.472,1173.869,4079.278,6.742,17343742.0,,Country,36.065,0.0,0.9663662830999584,0.0336337169000416
Egypt,2019,EGY,256.14,2.425,12.232,10.124,101.463,120.52,19.669,6182.284,355.188,0.293,105618672.0,,Country,232.10699999999997,0.04361781419776225,0.43713890576329023,0.5192432800389476
El Salvador,2019,SLV,7.423,1.182,1.013,0.004,6.962,0.0,0.457,226.251,637.976,-1.026,6280222.0,,Country,6.965999999999999,0.0005742176284811944,0.9994257823715189,0.0
Equatorial Guinea,2019,GNQ,4.638,2.986,-1.37,0.0,1.118,2.986,0.0,137.073,275.606,0.843,1553037.0,,Country,4.104,0.0,0.2724171539961014,0.7275828460038987
Eritrea,2019,ERI,0.855,0.245,0.025,0.0,0.747,0.0,0.108,17.22,184.372,6.229,3498819.0,,Country,0.747,0.0,1.0,0.0
Estonia,2019,EST,12.38,9.329,-5.555,7.776,3.315,0.914,0.295,1620.667,110.763,-1.026,1327039.0,,Country,12.004999999999999,0.6477301124531446,0.27613494377342773,0.07613494377342775
Eswatini,2019,SWZ,1.121,0.959,0.088,0.202,0.92,0.0,0.0,39.842,239.809,0.66,1169620.0,,Country,1.122,0.1800356506238859,0.8199643493761141,0.0
Ethiopia,2019,ETH,18.298,0.16,2.49,1.206,13.178,0.0,3.914,245.806,9400.359,236.291,114120592.0,,Country,14.384,0.08384315906562848,0.9161568409343716,0.0
Falkland Islands,2019,FLK,,,,,,,,,20.555,0.11,3729.0,,Country,,,,
Faroe Islands,2019,FRO,0.74,14.314,0.015,0.0,0.74,0.0,0.0,29.957,26.747,0.073,51708.0,,Country,0.74,0.0,1.0,0.0
Fiji,2019,FJI,1.359,1.48,0.004,0.0,1.359,0.0,0.0,46.842,72.034,0.147,918472.0,,Country,1.359,0.0,1.0,0.0
Finland,2019,FIN,42.382,7.676,-3.415,15.256,21.581,4.31,0.583,3150.831,3103.848,20.152,5521539.0,,Country,41.147000000000006,0.3707682212554985,0.5244853816803168,0.10474639706418448
France,2019,FRA,316.387,4.913,-6.14,29.294,187.698,86.356,6.588,38519.77,-4668.962,-17.734,64399760.0,,Country,303.348,0.09656895710537072,0.6187546975750623,0.2846763453195669
Gabon,2019,GAB,5.735,2.557,-0.257,0.0,1.867,0.919,0.209,262.871,2205.362,10.259,2242788.0,,Country,2.786,0.0,0.6701363962670496,0.3298636037329505
Gambia,2019,GMB,0.601,0.24,0.007,0.0,0.601,0.0,0.0,13.681,117.724,0.037,2508882.0,,Country,0.601,0.0,1.0,0.0
Georgia,2019,GEO,10.92,2.896,0.858,0.975,3.587,5.302,1.057,649.912,-360.244,-9.563,3770814.0,,Country,9.864,0.09884428223844281,0.3636455798864558,0.5375101378751013
Germany,2019,DEU,707.15,8.505,-47.258,240.086,270.91,172.479,13.287,91976.367,-1142.325,-8.134,83148144.0,,Country,683.475,0.35127254105856104,0.3963714839606423,0.25235597498079665
Ghana,2019,GHA,18.706,0.593,1.602,0.0,12.02,4.104,2.321,357.106,3966.354,0.586,31522294.0,,Country,16.124,0.0,0.7454725874472836,0.2545274125527165
Greece,2019,GRC,65.756,6.219,-6.026,17.874,33.943,9.998,3.36,4020.761,1825.918,-26.784,10574026.0,,Country,61.81499999999999,0.28915311817520023,0.5491062039957939,0.16174067782900592
Greenland,2019,GRL,0.554,9.894,0.006,0.0,0.554,0.0,0.0,32.536,0.0,0.0,55955.0,,Country,0.554,0.0,1.0,0.0
Grenada,2019,GRD,0.33,2.687,0.022,0.0,0.33,0.0,0.0,7.966,-0.916,-0.073,122737.0,,Country,0.33,0.0,1.0,0.0
Guatemala,2019,GTM,19.761,1.155,1.071,4.51,13.755,0.0,1.38,424.125,3578.702,17.404,17106338.0,,Country,18.265,0.24692033944702982,0.7530796605529702,0.0
Guernsey,2019,GGY,,,,,,,,,0.037,0.0,62391.0,,Country,,,,
Guinea,2019,GIN,4.434,0.344,0.748,0.0,4.434,0.0,0.0,83.555,4738.761,17.038,12877537.0,,Country,4.434,0.0,1.0,0.0
Guinea-Bissau,2019,GNB,0.322,0.164,0.011,0.0,0.322,0.0,0.0,9.816,335.696,0.183,1970460.0,,Country,0.322,0.0,1.0,0.0
Guyana,2019,GUY,2.73,3.418,0.249,0.0,2.568,0.0,0.162,98.621,993.347,5.203,798761.0,,Country,2.568,0.0,1.0,0.0
Haiti,2019,HTI,3.053,0.274,-0.319,0.0,2.975,0.0,0.078,73.056,907.976,4.8,11160441.0,,Country,2.975,0.0,1.0,0.0
Honduras,2019,HND,11.232,1.128,1.371,0.0,10.45,0.0,0.782,251.292,3135.541,20.482,9958832.0,,Country,10.45,0.0,1.0,0.0
Hong Kong,2019,HKG,41.9,5.59,-0.7,23.38,11.622,6.287,0.611,1588.885,13.887,0.147,7496121.0,,Country,41.288999999999994,0.5662525127757999,0.28147932863474534,0.15226815858945483
Hungary,2019,HUN,49.235,5.038,-0.229,8.186,19.364,19.969,1.023,4962.922,671.318,-8.354,9771799.0,,Country,47.519000000000005,0.1722679349312906,0.40750015783160415,0.42023190723710513
Iceland,2019,ISL,3.546,9.829,-0.113,0.684,2.692,0.0,0.0,148.615,166.199,0.073,360787.0,,Country,3.3760000000000003,0.20260663507109003,0.7973933649289099,0.0
India,2019,IND,2626.459,1.899,26.013,1677.654,674.011,128.676,143.664,51950.695,44564.059,134.286,1383112064.0,,Country,2480.341,0.6763803847938651,0.2717412646083744,0.051878350597760546
Indonesia,2019,IDN,659.436,2.446,55.779,315.401,222.185,87.91,30.156,13704.8,78661.023,1451.384,269582880.0,,Country,625.496,0.5042414339979793,0.3552141020885825,0.1405444639134383
Iran,2019,IRN,702.958,8.121,2.021,3.73,229.402,422.97,20.893,18067.725,2201.844,-23.633,86564208.0,,Country,656.102,0.005685091647335323,0.349643805383919,0.6446711029687457
Iraq,2019,IRQ,187.148,4.503,-26.283,0.0,113.972,34.258,5.239,4417.964,709.534,13.813,41563524.0,,Country,148.23,0.0,0.7688861903798152,0.23111380962018488
Ireland,2019,IRL,37.326,7.624,-1.687,4.543,19.545,10.836,1.893,2190.655,-329.577,-9.453,4896021.0,,Country,34.924,0.1300824647806666,0.5596437979612874,0.3102737372580461
Isle of Man,2019,IMN,,,,,,,,,6.742,0.037,83950.0,,Country,,,,
Israel,2019,ISR,58.645,6.813,-1.612,18.012,21.24,17.968,1.425,2319.073,52.322,2.125,8607922.0,,Country,57.22,0.3147850401957358,0.37119888150996155,0.31401607829430267
Italy,2019,ITA,339.233,5.68,-9.772,30.658,148.116,146.758,7.912,24434.211,-147.549,-41.843,59727936.0,,Country,325.53200000000004,0.09417814531290318,0.45499674379170096,0.45082511089539584
Jamaica,2019,JAM,7.823,2.78,-0.263,0.268,6.749,0.473,0.334,445.256,353.649,0.513,2813776.0,,Country,7.489999999999999,0.03578104138851803,0.901068090787717,0.06315086782376503
Japan,2019,JPN,1106.016,8.792,-37.396,432.25,415.86,224.23,25.328,64601.461,5197.604,0.66,125791680.0,,Country,1072.34,0.4030904377343007,0.3878061062722644,0.2091034559934349
Jersey,2019,JEY,,,,,,,,,0.916,0.037,107055.0,,Country,,,,
Jordan,2019,JOR,26.328,2.461,1.368,0.784,15.92,7.859,1.764,675.885,60.859,-0.073,10698682.0,,Country,24.563000000000002,0.031917925334853235,0.6481293001669176,0.319952774498229
Kazakhstan,2019,KAZ,297.569,15.867,-34.251,176.146,49.061,50.439,3.8,13664.671,4316.485,-10.772,18754260.0,,Country,275.646,0.6390297700674052,0.17798553216807064,0.18298469776452406
Kenya,2019,KEN,19.177,0.376,1.008,1.623,15.241,0.0,2.312,453.013,3349.006,12.055,50951452.0,,Country,16.864,0.09624051233396584,0.9037594876660341,0.0
Kiribati,2019,KIR,0.066,0.531,0.0,0.0,0.066,0.0,0.0,2.026,,,124252.0,,Country,0.066,0.0,1.0,0.0
Kosovo,2019,,8.497,5.037,0.348,5.944,2.234,0.0,0.319,97.14,,,1686856.0,,Country,8.178,0.72682807532404,0.27317192467595985,0.0
Kuwait,2019,KWT,104.361,23.499,7.315,0.0,55.499,46.265,1.222,3282.469,-0.256,0.0,4441105.0,,Country,101.76400000000001,0.0,0.5453696788648245,0.4546303211351755
Kyrgyzstan,2019,KGZ,9.03,1.428,-2.074,3.169,4.459,0.619,0.783,830.798,375.157,0.0,6323643.0,,Country,8.247,0.3842609433733479,0.5406814599248211,0.07505759670183097
Laos,2019,LAO,19.596,2.717,-0.962,14.205,3.342,0.0,2.049,133.539,3229.596,47.705,7212058.0,,Country,17.547,0.8095400923234741,0.1904599076765259,0.0
Latvia,2019,LVA,7.649,3.991,-0.211,0.166,4.319,2.548,0.561,946.243,810.33,1.869,1916552.0,,Country,7.033,0.023603014360870183,0.6141049338831224,0.36229205175600737
Lebanon,2019,LBN,26.4,4.566,0.197,0.627,23.64,0.0,2.134,706.685,31.84,0.0,5781912.0,,Country,24.267,0.025837557176412413,0.9741624428235877,0.0
Leeward Islands,2019,,,,,,,,,,,,,,Country,,,,
Lesotho,2019,LSO,2.389,1.073,0.018,1.671,0.718,0.0,0.0,61.713,166.822,5.166,2225710.0,,Country,2.3890000000000002,0.69945583926329,0.30054416073670986,0.0
Liberia,2019,LBR,1.106,0.222,0.025,0.0,0.975,0.0,0.132,51.462,1948.552,16.561,4985290.0,,Country,0.975,0.0,1.0,0.0
Libya,2019,LBY,69.244,10.541,15.228,0.0,42.114,15.869,1.627,2088.916,117.028,-0.403,6569085.0,,Country,57.983,0.0,0.7263163340979253,0.27368366590207477
Liechtenstein,2019,LIE,0.149,3.871,0.006,0.0,0.099,0.05,0.0,5.973,,,38500.0,,Country,0.14900000000000002,0.0,0.6644295302013422,0.3355704697986577
Lithuania,2019,LTU,13.923,4.887,0.232,0.801,8.193,4.081,0.578,1548.306,1510.74,-1.539,2849083.0,,Country,13.075,0.06126195028680689,0.6266156787762907,0.31212237093690254
Luxembourg,2019,LUX,9.752,15.729,0.185,0.274,7.396,1.608,0.395,745.503,-1.612,0.037,619981.0,,Country,9.278,0.029532226773011427,0.7971545591722353,0.17331321405475317
Macao,2019,MAC,1.213,1.827,-0.029,0.0,0.956,0.256,,55.302,,,663660.0,,Country,1.212,0.0,0.7887788778877888,0.21122112211221122
Madagascar,2019,MDG,4.299,0.156,0.477,1.401,2.809,0.0,0.089,92.981,8731.129,31.804,27533134.0,,Country,4.21,0.33277909738717343,0.6672209026128266,0.0
Malawi,2019,MWI,1.593,0.084,0.023,0.216,1.283,0.0,0.094,49.084,1618.755,4.727,18867340.0,,Country,1.4989999999999999,0.14409606404269515,0.8559039359573049,0.0
Malaysia,2019,MYS,269.156,8.205,2.069,85.063,79.128,90.285,10.798,5785.959,12280.995,147.879,32804024.0,,Country,254.476,0.3342672786431726,0.31094484352158946,0.3547878778352379
Maldives,2019,MDV,1.953,3.871,0.213,0.0,1.953,0.0,0.0,23.274,,,504518.0,,Country,1.953,0.0,1.0,0.0
Mali,2019,MLI,3.854,0.187,0.179,0.0,3.466,0.0,0.387,60.133,1655.981,-3.481,20567430.0,,Country,3.466,0.0,1.0,0.0
Malta,2019,MLT,1.649,3.275,0.102,0.0,0.941,0.708,0.0,102.262,-5.166,-0.037,503646.0,,Country,1.649,0.0,0.5706488781079442,0.42935112189205576
Marshall Islands,2019,MHL,0.147,3.275,0.0,0.0,0.147,0.0,0.0,3.261,,,44750.0,,Country,0.147,0.0,1.0,0.0
Mauritania,2019,MRT,3.774,0.861,0.11,0.0,3.774,0.0,0.0,72.786,53.238,0.037,4383853.0,,Country,3.774,0.0,1.0,0.0
Mauritius,2019,MUS,4.521,3.488,0.007,1.561,2.961,0.0,0.0,111.921,-0.183,0.11,1296284.0,,Country,4.522,0.34520123839009287,0.654798761609907,0.0
Mayotte,2019,MYT,0.302,1.026,0.007,0.0,0.302,0.0,0.0,6.233,0.22,0.0,294502.0,,Country,0.302,0.0,1.0,0.0
Mexico,2019,MEX,472.191,3.775,-3.077,45.268,241.897,157.099,19.498,19788.596,15879.702,244.535,125085312.0,,Country,444.26399999999995,0.10189436911386024,0.5444893126609404,0.35361631822519946
Micronesia (country),2019,FSM,0.147,1.316,0.004,0.0,0.147,0.0,0.0,4.133,,,111392.0,,Country,0.147,0.0,1.0,0.0
Moldova,2019,MDA,5.491,1.766,0.045,0.367,2.754,1.734,0.636,1330.882,621.598,-3.517,3109496.0,,Country,4.855,0.07559217301750772,0.5672502574665294,0.3571575695159629
Mongolia,2019,MNG,47.255,14.619,1.939,41.762,5.005,0.0,0.487,653.806,1020.387,-7.072,3232435.0,,Country,46.767,0.892980092800479,0.10701990719952102,0.0
Montenegro,2019,MNE,2.477,3.929,0.077,1.455,1.022,0.0,0.0,101.143,216.432,-0.476,630403.0,,Country,2.4770000000000003,0.5874041178845377,0.4125958821154622,0.0
Montserrat,2019,MSR,0.022,4.855,-0.007,0.0,0.022,0.0,0.0,1.568,-1.319,0.0,4528.0,,Country,0.022,0.0,1.0,0.0
Morocco,2019,MAR,68.608,1.89,5.597,25.26,36.343,2.004,5.001,1673.956,1776.893,-1.466,36304408.0,,Country,63.607000000000006,0.39712610247299823,0.5713679312025406,0.03150596632446114
Mozambique,2019,MOZ,7.147,0.236,0.067,0.048,4.356,1.729,1.011,169.31,6166.146,30.448,30285602.0,,Country,6.133,0.007826512310451655,0.7102559921734877,0.28191749551606066
Myanmar,2019,MMR,34.609,0.653,-0.174,3.931,19.716,7.98,2.938,570.271,14699.345,103.215,53040212.0,,Country,31.627000000000002,0.12429253485945552,0.623391406077086,0.25231605906345844
Namibia,2019,NAM,4.107,1.679,-0.048,0.051,3.536,0.0,0.52,71.001,283.704,3.591,2446648.0,,Country,3.587,0.014218009478672983,0.985781990521327,0.0
Nauru,2019,NRU,0.055,4.521,0.0,0.0,0.055,0.0,0.0,4.8,,,12156.0,,Country,0.055,0.0,1.0,0.0
Nepal,2019,NPL,13.428,0.466,-1.405,3.426,6.24,0.0,3.763,146.62,2210.968,15.279,28832500.0,,Country,9.666,0.3544382371198014,0.6455617628801986,0.0
Netherlands,2019,NLD,153.033,8.814,-5.595,25.308,53.0,72.474,0.006,11600.562,647.575,2.052,17363260.0,,Country,150.78199999999998,0.1678449682322824,0.35150084227560324,0.4806541894921145
Netherlands Antilles,2019,ANT,,,,,,,,,6.375,0.037,,,Country,,,,
New Caledonia,2019,NCL,5.119,17.937,-0.227,2.484,2.605,0.0,0.029,144.287,51.516,-0.256,285374.0,,Country,5.089,0.48811161328355274,0.5118883867164472,0.0
New Zealand,2019,NZL,37.121,7.486,1.416,5.986,20.912,8.24,0.411,1848.661,3053.981,2.455,4959033.0,,Country,35.138,0.17035687859297627,0.59513916557573,0.23450395583129377
Nicaragua,2019,NIC,5.219,0.783,0.02,0.0,4.987,0.0,0.233,171.751,4084.041,6.998,6663919.0,,Country,4.987,0.0,1.0,0.0
Niger,2019,NER,2.469,0.105,0.676,0.327,1.985,0.0,0.101,46.328,1749.926,36.31,23443400.0,,Country,2.3120000000000003,0.14143598615916955,0.8585640138408304,0.0
Nigeria,2019,NGA,127.304,0.626,22.074,0.147,68.707,35.105,8.757,3741.825,11505.399,-4.58,203304496.0,,Country,103.959,0.001414018988254985,0.6609047797689472,0.3376812012427976
Niue,2019,NIU,0.011,5.657,0.0,0.0,0.011,0.0,0.0,0.278,,,1943.0,,Country,0.011,0.0,1.0,0.0
North Korea,2019,PRK,52.764,2.049,5.134,47.449,3.176,0.0,2.139,5060.456,1372.974,9.233,25755442.0,,Country,50.625,0.9372641975308642,0.0627358024691358,0.0
North Macedonia,2019,MKD,7.995,3.782,0.964,4.049,3.092,0.502,0.352,628.973,467.233,-1.136,2114175.0,,Country,7.643,0.5297657987701165,0.4045531859217585,0.06568101530812509
Norway,2019,NOR,42.784,8.0,-1.609,3.547,21.949,15.047,0.722,2590.107,1210.806,5.899,5348285.0,,Country,40.543000000000006,0.08748735910021457,0.5413758232000592,0.3711368176997262
Oman,2019,OMN,72.177,15.681,-0.379,0.0,12.942,52.767,1.816,1250.671,-3.554,0.366,4602769.0,,Country,65.709,0.0,0.19695932064100807,0.8030406793589919
Pakistan,2019,PAK,206.061,0.923,1.0,50.307,64.878,74.976,15.437,4834.042,3301.411,25.282,223293280.0,,Country,190.161,0.264549513307145,0.34117405777209836,0.3942764289207566
Palau,2019,PLW,0.22,12.255,0.007,0.0,0.22,0.0,0.0,10.343,,,17939.0,,Country,0.22,0.0,1.0,0.0
Palestine,2019,PSE,3.265,0.665,0.306,0.0,3.265,0.0,0.0,56.829,10.552,0.0,4909775.0,,Country,3.265,0.0,1.0,0.0
Panama,2019,PAN,13.42,3.171,2.652,2.382,8.911,1.557,0.57,299.44,1825.991,5.276,4232538.0,,Country,12.85,0.18536964980544748,0.6934630350194553,0.12116731517509728
Papua New Guinea,2019,PNG,7.879,0.826,0.357,0.0,7.002,0.813,0.0,166.372,1481.465,29.898,9542492.0,,Country,7.8149999999999995,0.0,0.8959692898272553,0.10403071017274472
Paraguay,2019,PRY,8.244,1.263,-0.264,0.004,7.837,0.0,0.404,170.026,5068.045,37.922,6530029.0,,Country,7.840999999999999,0.0005101390128810101,0.999489860987119,0.0
Peru,2019,PER,57.68,1.757,2.517,2.572,34.771,15.678,4.546,1892.008,5451.446,-4.214,32824864.0,,Country,53.021,0.0485090813074065,0.655796759774429,0.29569415891816453
Philippines,2019,PHL,145.232,1.316,3.408,69.53,55.406,8.464,11.675,3255.676,13400.457,27.37,110380800.0,,Country,133.4,0.5212143928035982,0.4153373313343328,0.06344827586206897
Poland,2019,POL,318.488,8.274,-18.561,177.935,88.158,35.491,7.692,27563.99,-1608.056,-50.453,38493600.0,,Country,301.584,0.5900014589633402,0.2923165685182238,0.11768197251843598
Portugal,2019,PRT,47.619,4.628,-3.84,5.04,26.153,12.158,2.225,2573.471,474.635,-4.397,10289921.0,,Country,43.351,0.11626029388018731,0.6032848146524878,0.28045489146732483
Qatar,2019,QAT,101.152,36.033,5.92,0.0,10.417,87.43,1.572,1966.531,0.916,0.0,2807242.0,,Country,97.84700000000001,0.0,0.10646212965139451,0.8935378703486054
Romania,2019,ROU,77.031,3.945,-3.486,18.309,29.698,23.158,3.828,8493.646,3435.55,-17.66,19524212.0,,Country,71.165,0.25727534602683905,0.4173118808403007,0.32541277313286027
Russia,2019,RUS,1692.363,11.612,-8.089,390.365,398.417,803.863,20.306,114167.867,98174.383,402.967,145742288.0,,Country,1592.645,0.24510484131743107,0.25016058192503665,0.5047345767575323
Rwanda,2019,RWA,1.812,0.141,0.531,0.018,1.538,0.092,0.164,28.616,709.753,2.052,12835029.0,,Country,1.6480000000000001,0.010922330097087377,0.933252427184466,0.0558252427184466
Ryukyu Islands,2019,,,,,,,,,,,,,,Country,,,,
Saint Helena,2019,SHN,0.015,2.679,0.004,0.0,0.015,0.0,0.0,0.374,,,5470.0,,Country,0.015,0.0,1.0,0.0
Saint Kitts and Nevis,2019,KNA,0.253,5.296,0.007,0.0,0.253,0.0,0.0,6.141,-1.612,-0.073,47739.0,,Country,0.253,0.0,1.0,0.0
Saint Lucia,2019,LCA,0.517,2.893,0.007,0.0,0.517,0.0,0.0,13.945,2.345,-0.073,178594.0,,Country,0.517,0.0,1.0,0.0
Saint Martin (French part),2019,MAF,,,,,,,,,0.183,0.0,33150.0,,Country,,,,
Saint Pierre and Miquelon,2019,SPM,0.066,11.081,0.007,0.0,0.066,0.0,0.0,3.635,1.392,0.0,5952.0,,Country,0.066,0.0,1.0,0.0
Saint Vincent and the Grenadines,2019,VCT,0.227,2.165,-0.015,0.0,0.227,0.0,0.0,6.749,2.748,-0.037,104940.0,,Country,0.227,0.0,1.0,0.0
Samoa,2019,WSM,0.271,1.279,0.033,0.0,0.271,0.0,0.0,6.562,10.039,-0.183,211915.0,,Country,0.271,0.0,1.0,0.0
Sao Tome and Principe,2019,STP,0.132,0.615,0.0,0.0,0.132,0.0,0.0,3.254,11.322,-0.037,214612.0,,Country,0.132,0.0,1.0,0.0
Saudi Arabia,2019,SAU,656.481,18.323,30.29,0.0,371.995,255.934,24.604,15372.252,152.239,1.979,35827364.0,,Country,627.929,0.0,0.5924157030492301,0.4075842969507699
Senegal,2019,SEN,12.761,0.798,1.431,2.088,7.971,0.029,2.674,234.358,839.716,-3.774,16000783.0,,Country,10.088000000000001,0.20697858842188738,0.7901467089611419,0.002874702616970658
Serbia,2019,SRB,44.344,5.992,0.024,29.601,9.222,4.562,0.959,2728.684,1342.526,-11.285,7401056.0,,Country,43.385,0.6822865045522646,0.21256194537282472,0.1051515500749107
Seychelles,2019,SYC,0.594,5.686,-0.007,0.0,0.594,0.0,0.0,12.996,,,104386.0,,Country,0.594,0.0,1.0,0.0
Sierra Leone,2019,SLE,1.191,0.148,0.154,0.0,1.191,0.0,0.0,36.091,2802.264,12.201,8046830.0,,Country,1.191,0.0,1.0,0.0
Singapore,2019,SGP,29.917,5.1,-16.103,1.971,7.057,20.888,0.0,2039.079,60.932,0.33,5866408.0,,Country,29.916000000000004,0.06588447653429602,0.23589383607434147,0.6982216873913625
Sint Maarten (Dutch part),2019,SXM,0.689,16.019,0.0,0.0,0.689,0.0,0.0,69.053,0.183,0.0,43002.0,,Country,0.689,0.0,1.0,0.0
Slovakia,2019,SVK,33.776,6.193,-2.327,11.778,10.319,9.37,1.404,3867.9,513.62,-1.722,5453932.0,,Country,31.467,0.3742968824482792,0.3279308481901675,0.2977722693615534
Slovenia,2019,SVN,14.048,6.649,-0.479,4.53,7.057,1.753,0.478,839.162,364.568,2.565,2112905.0,,Country,13.34,0.3395802098950525,0.5290104947526237,0.13140929535232382
Solomon Islands,2019,SLB,0.293,0.434,0.004,0.0,0.293,0.0,0.0,10.131,163.488,5.679,675000.0,,Country,0.293,0.0,1.0,0.0
Somalia,2019,SOM,0.638,0.04,0.0,0.0,0.638,0.0,,32.3,1019.545,19.932,15981312.0,,Country,0.638,0.0,1.0,0.0
South Africa,2019,ZAF,466.924,8.038,31.687,394.345,57.979,9.105,5.453,20593.338,7375.961,0.293,58087060.0,,Country,461.42900000000003,0.8546168532970403,0.12565096688764685,0.019732179815312865
South Korea,2019,KOR,646.102,12.472,-24.066,321.606,175.797,113.586,24.93,17714.223,-17.587,-6.192,51803832.0,,Country,610.989,0.5263695418411788,0.28772531093031134,0.18590514722850984
South Sudan,2019,SSD,1.652,0.158,0.154,0.0,1.652,0.0,0.0,37.591,1731.387,8.83,10447677.0,,Country,1.652,0.0,1.0,0.0
Spain,2019,ESP,251.825,5.343,-18.227,23.622,141.221,71.253,9.064,14653.214,2171.946,-24.549,47131372.0,,Country,236.096,0.10005252100840335,0.5981507522363785,0.30179672675521824
Sri Lanka,2019,LKA,22.22,1.026,1.226,5.903,14.806,0.0,1.511,478.562,2792.115,10.223,21649664.0,,Country,20.709,0.2850451494519291,0.7149548505480708,0.0
St. Kitts-Nevis-Anguilla,2019,,,,,,,,,,,,,,Country,,,,
Sudan,2019,SDN,21.952,0.508,0.088,0.0,19.874,0.0,1.556,432.768,2701.577,19.273,43232092.0,,Country,19.874,0.0,1.0,0.0
Suriname,2019,SUR,2.683,4.469,0.813,0.0,2.66,0.011,0.012,111.881,234.423,3.481,600305.0,,Country,2.6710000000000003,0.0,0.9958816922500936,0.004118307749906402
Svalbard and Jan Mayen,2019,SJM,,,,,,,,,0.0,0.0,,,Country,,,,
Sweden,2019,SWE,40.982,3.991,-1.112,8.092,28.705,1.778,1.349,4954.176,3146.02,4.104,10267922.0,,Country,38.574999999999996,0.20977316915100458,0.7441348023331174,0.04609202851587817
Switzerland,2019,CHE,36.733,4.283,-0.141,0.432,27.489,6.879,1.732,2990.519,255.234,-0.806,8575593.0,,Country,34.8,0.012413793103448277,0.7899137931034483,0.19767241379310346
Syria,2019,SYR,27.479,1.367,-2.751,0.004,18.408,6.548,0.768,1835.076,510.285,-0.33,20098252.0,,Country,24.96,0.00016025641025641026,0.7375,0.2623397435897436
Taiwan,2019,TWN,273.515,11.503,-9.328,154.561,65.471,46.95,5.508,8772.0,769.0,2.528,23777742.0,,Country,266.982,0.5789191780719299,0.2452262699358009,0.17585455199226913
Tajikistan,2019,TJK,9.832,1.053,0.724,4.565,2.935,0.278,2.053,467.801,116.442,-0.256,9337008.0,,Country,7.7780000000000005,0.586911802519928,0.37734636153252765,0.035741835947544355
Tanzania,2019,TZA,13.043,0.218,1.256,1.891,6.756,1.872,2.524,233.887,9784.529,60.932,59872584.0,,Country,10.519,0.17976994010837533,0.6422663751307158,0.17796368476090885
Thailand,2019,THA,290.239,4.07,8.134,62.483,121.009,83.852,22.304,7227.5,20914.846,62.581,71307768.0,,Country,267.344,0.23371760727751512,0.45263405948889823,0.3136483332335867
Togo,2019,TGO,2.205,0.267,-0.003,0.0,1.172,0.191,0.842,63.708,934.357,0.403,8243093.0,,Country,1.363,0.0,0.8598679383712399,0.1401320616287601
Tonga,2019,TON,0.161,1.536,0.026,0.0,0.161,0.0,0.0,4.225,2.858,0.0,104965.0,,Country,0.161,0.0,1.0,0.0
Trinidad and Tobago,2019,TTO,40.768,26.822,0.44,0.0,3.741,36.416,0.263,1536.698,71.851,-0.256,1519960.0,,Country,40.157,0.0,0.09315934955300446,0.9068406504469956
Tunisia,2019,TUN,29.704,2.465,-0.293,0.0,13.46,12.558,3.223,879.155,547.988,-0.403,12049319.0,,Country,26.018,0.0,0.5173341532784995,0.4826658467215005
Turkey,2019,TUR,401.72,4.812,-20.849,164.972,114.86,83.141,32.349,10481.146,6279.033,-13.813,83481688.0,,Country,362.973,0.45450212550244784,0.31644226981070217,0.22905560468685
Turkmenistan,2019,TKM,74.762,12.14,1.51,0.0,20.218,50.494,1.523,2346.067,189.649,-0.366,6158424.0,,Country,70.712,0.0,0.28592035298110646,0.7140796470188935
Turks and Caicos Islands,2019,TCA,0.363,8.415,0.0,0.0,0.363,0.0,0.0,5.785,0.476,0.037,43104.0,,Country,0.363,0.0,1.0,0.0
Tuvalu,2019,TUV,0.007,0.667,0.0,0.0,0.007,0.0,0.0,0.271,,,10983.0,,Country,0.007,0.0,1.0,0.0
Uganda,2019,UGA,6.012,0.14,0.381,0.0,5.43,0.0,0.582,101.128,3398.58,4.8,42949076.0,,Country,5.43,0.0,1.0,0.0
Ukraine,2019,UKR,222.057,5.023,-9.618,114.045,38.481,60.538,3.947,30375.934,13118.256,11.395,44211100.0,,Country,213.06400000000002,0.5352617054030714,0.1806077047272181,0.28413058986971046
United Arab Emirates,2019,ARE,208.496,22.634,-1.723,7.498,60.495,133.141,5.728,4698.309,1.649,-0.037,9211660.0,,Country,201.134,0.037278630166953375,0.30076963616295604,0.6619517336700906
United Kingdom,2019,GBR,364.753,5.462,-14.976,24.513,168.996,159.321,4.448,77835.68,1140.127,5.569,66778660.0,,Country,352.83000000000004,0.06947538474619505,0.47897287645608366,0.4515517387977212
United States,2019,USA,5259.144,15.731,-117.513,1070.724,2358.831,1673.999,40.896,412183.812,124173.359,94.385,334319680.0,,Country,5103.554,0.20979968077147806,0.4621937967149951,0.32800652251352685
Uruguay,2019,URY,6.49,1.893,-0.081,0.004,6.031,0.165,0.291,365.312,535.933,10.003,3428412.0,,Country,6.199999999999999,0.0006451612903225808,0.972741935483871,0.026612903225806457
Uzbekistan,2019,UZB,118.798,3.602,2.334,8.28,12.278,92.389,4.679,6107.122,418.868,-1.905,32976946.0,,Country,112.947,0.073308720019124,0.10870585318777834,0.8179854267930976
Vanuatu,2019,VUT,0.161,0.53,-0.015,0.0,0.161,0.0,0.0,4.551,157.405,-1.246,304414.0,,Country,0.161,0.0,1.0,0.0
Venezuela,2019,VEN,89.111,3.076,-13.561,0.165,34.758,34.476,1.774,7663.754,6614.656,14.693,28971686.0,,Country,69.399,0.0023775558725630053,0.5008429516275451,0.4967794924998919
Vietnam,2019,VNM,341.005,3.56,66.782,191.442,76.333,18.906,52.855,3968.952,9691.061,178.144,95776712.0,,Country,286.681,0.6677875408555154,0.26626459374705685,0.06594786539742781
Wallis and Futuna,2019,WLF,0.026,2.186,0.0,0.0,0.026,0.0,0.0,0.718,,,11735.0,,Country,0.026,0.0,1.0,0.0
Western Sahara,2019,ESH,,,,,,,,,0.0,0.0,544883.0,,Country,,,,
Yemen,2019,YEM,12.684,0.402,2.21,0.355,10.124,0.198,0.664,626.98,-34.368,-1.502,31546694.0,,Country,10.677000000000001,0.03324903999250725,0.9482064250257562,0.01854453498173644
Zambia,2019,ZMB,7.747,0.421,0.335,2.348,4.439,0.0,0.961,242.705,7893.832,63.424,18380478.0,,Country,6.787,0.3459555031678208,0.6540444968321791,0.0
Zimbabwe,2019,ZWE,11.115,0.724,-0.681,6.888,3.657,0.0,0.57,776.313,2298.537,8.317,15354606.0,,Country,10.545,0.6532005689900426,0.3467994310099573,0.0
